nome;cognome;email;ID;specializzazione
Justine;Wyatt;leo.morbi@protonmail.ca;501;16
Aladdin;Chandler;donec.tempus@protonmail.ca;502;9
Bree;Dillard;nulla.donec.non@aol.net;503;15
Astra;Ratliff;nullam.feugiat.placerat@yahoo.org;504;20
Rowan;Holmes;in.dolor@hotmail.org;505;19
Chaney;Cobb;ipsum.phasellus@protonmail.edu;506;5
Kevyn;Joyce;id.erat.etiam@hotmail.com;507;15
Tiger;Maxwell;ut@protonmail.couk;508;8
Idola;Gutierrez;semper.tellus@icloud.org;509;21
Uma;Dale;velit.eu@hotmail.ca;510;19
Eric;Atkins;tincidunt@aol.edu;511;3
Ronan;Ashley;cubilia.curae@yahoo.com;512;10
Ariana;Bean;consectetuer.adipiscing.elit@protonmail.couk;513;4
Dane;Buckner;in@outlook.edu;514;16
Isaiah;Richards;lectus.nullam.suscipit@google.org;515;2
Emerson;Hale;nulla.integer@protonmail.couk;516;21
Unity;Beasley;dapibus.rutrum@google.com;517;4
Knox;Davenport;vel.mauris@yahoo.edu;518;22
Allen;Bradley;neque.sed@outlook.couk;519;9
Elaine;Barnes;morbi.non.sapien@icloud.com;520;10
Jolie;Simmons;phasellus@aol.couk;521;9
Demetria;Keith;odio.vel.est@icloud.net;522;17
Richard;Marks;nullam@hotmail.ca;523;10
Basia;Tate;pellentesque.massa@hotmail.edu;524;4
Angela;Joseph;nisi@yahoo.ca;525;14
Aphrodite;House;iaculis@icloud.ca;526;7
John;Mejia;in@hotmail.com;527;7
Philip;Bailey;dictum.sapien@outlook.couk;528;13
Amber;Baird;erat.etiam.vestibulum@icloud.ca;529;20
Giselle;Lott;vestibulum.lorem.sit@icloud.edu;530;14
Olivia;Lancaster;gravida.sagittis@aol.org;531;15
Cruz;Brock;egestas.urna@aol.org;532;13
Victor;Merrill;pede@aol.edu;533;19
Camille;English;luctus.aliquet.odio@aol.ca;534;9
Willa;Rogers;nisi@aol.edu;535;4
Conan;Hunter;semper@hotmail.com;536;18
Trevor;Phelps;aliquam@outlook.net;537;6
Hadassah;Greene;morbi@yahoo.couk;538;7
Imogene;Robinson;consectetuer@icloud.couk;539;19
Kylee;Chavez;enim.nisl.elementum@hotmail.edu;540;16
Naomi;Mcdaniel;ornare.libero@outlook.com;541;2
Eugenia;Baxter;tempus.non.lacinia@hotmail.edu;542;18
Kimberley;Mosley;lorem.donec@icloud.edu;543;11
Chaim;Newton;sollicitudin.orci@outlook.edu;544;14
Madeline;Slater;fusce.aliquet@hotmail.ca;545;10
Kylynn;Floyd;nulla.at@protonmail.edu;546;12
Quemby;Horn;rutrum@hotmail.ca;547;22
John;Galloway;quis.pede.suspendisse@hotmail.org;548;22
Andrew;Gonzalez;purus@protonmail.edu;549;1
Dylan;Parker;sit.amet.consectetuer@aol.couk;550;7