nome;cognome;email;indirizzo;codiceFiscale;patologia;ID
Keane;Atkinson;rutrum.eu@icloud.net;944-7136 In St.;BGZ47YNM0BA;1;1
Jasmine;Weaver;suscipit.est@protonmail.com;P.O. Box 191, 179 Nisl Av.;OHU61LHA5PY;2;2
Farrah;Browning;sed.molestie@aol.couk;Ap #598-8391 Suspendisse Rd.;MZE40TGA3SH;3;3
Jerome;Mullins;mollis.integer@outlook.net;Ap #517-2871 Gravida St.;DJG87PHH4WB;4;4
Melodie;Herring;a.odio.semper@hotmail.com;2150 Tincidunt St.;HUI33SEI7JP;5;5
Marsden;Carr;nulla.facilisis@hotmail.net;707-4327 Metus Av.;MKP94UXU9SE;6;6
Desirae;Wagner;duis.ac@yahoo.org;1093 Fringilla Rd.;DNW51SXA4BK;1;7
Hu;Carroll;in@google.couk;157-4801 Quisque St.;HOO10OPK3CD;7;8
Cyrus;Sosa;cras@outlook.couk;167-598 Tristique Ave;XEM65XSA8IS;6;9
Jamalia;Roy;ac@hotmail.edu;409-9184 Mauris Rd.;LTX23LKS2BT;8;10
May;Franco;proin@outlook.org;Ap #752-4129 Sit Ave;YXU70VBP3MJ;9;11
Alan;Joyce;libero.proin@google.ca;P.O. Box 530, 1748 Laoreet, Av.;GJW07KFR4FO;10;12
Brendan;Summers;cum.sociis.natoque@hotmail.ca;799-3741 Lobortis Avenue;PKH82UQC4CY;11;13
Faith;Atkinson;a.sollicitudin@yahoo.ca;Ap #900-1008 Dapibus Street;CTG58LOP6JI;12;14
Kaye;Chandler;id.nunc.interdum@hotmail.com;P.O. Box 166, 3341 Commodo Rd.;TXP11JYO8SQ;13;15
Zane;Kane;tempus@yahoo.ca;431-1998 Nibh. St.;OBM05FBD6JK;2;16
Jermaine;Holmes;condimentum.eget@outlook.com;529-8530 Massa Avenue;JHU36RUB1DS;1;17
Ignacia;Burch;blandit.congue@hotmail.com;Ap #475-8438 Accumsan St.;KNL56IME1EB;8;18
MacKenzie;Valencia;luctus.et.ultrices@icloud.org;Ap #483-5176 A St.;HBB26TGP4DN;6;19
Quon;Morrow;a.sollicitudin@hotmail.net;113-5482 Cursus Street;IVJ27LDK1VT;13;20
Noah;Curtis;ut.semper@hotmail.ca;P.O. Box 162, 7916 Penatibus Road;AOO27DLT5JT;3;21
Mercedes;Nixon;sed.nulla@yahoo.net;Ap #829-9602 Magnis St.;THV91CRV4IH;13;22
Jana;Brennan;eu.lacus@google.edu;Ap #469-3974 A, Av.;TWQ41EMT5CW;10;23
Clarke;Chavez;erat.in@google.net;717-1049 Erat. Ave;KFC18PMH5HR;1;24
May;Gilbert;luctus@aol.edu;888-4896 Et Ave;YJU71IBC1MM;9;25
Xenos;Maldonado;arcu.nunc@yahoo.couk;P.O. Box 457, 358 Fames St.;WPC52LPQ0PK;3;26
Brady;Alston;et.lacinia@icloud.edu;Ap #329-9090 Bibendum Street;FFL33JQO2YU;14;27
Hu;Delaney;tristique.pharetra.quisque@google.org;660-7720 Morbi St.;MVQ26BDG1QK;7;28
Ryder;Patrick;amet.massa@hotmail.org;P.O. Box 779, 494 Sodales Ave;LMT96ILY3NW;16;29
Oleg;Black;et@icloud.edu;9991 Non Rd.;OCZ28TEF4OH;4;30
Ainsley;Levine;mollis.non@outlook.com;480-6076 Adipiscing Rd.;SFT68OQO3GM;14;31
Harding;Preston;eget.varius@icloud.edu;Ap #171-2321 Per Road;CNL61LMS8VL;3;32
Hollee;Burns;diam.proin@icloud.org;Ap #865-469 Cras Road;UJU66VFH8BO;4;33
Clayton;Acosta;at.risus@google.ca;P.O. Box 645, 9386 Risus. Road;VHI24IET3FQ;11;34
Yeo;Doyle;nonummy.fusce@hotmail.com;256-5782 Non St.;YKL02QLW4GJ;1;35
Irene;Lamb;orci.in@protonmail.com;594-8176 Sodales Avenue;URQ11SHX2VQ;8;36
Paul;Duncan;adipiscing.elit@hotmail.com;128-6425 Elit Road;XOY76JJO1MQ;16;37
Anthony;Greene;hendrerit.consectetuer@outlook.com;264-4953 Tempor Rd.;YVN03BNP2QX;16;38
Denton;Burt;lacus@outlook.net;284-1033 Duis Rd.;NMM20MIC7WF;6;39
Maile;Hale;massa@icloud.couk;Ap #576-4462 Dapibus Avenue;QXH85RUW6DM;4;40
Kamal;Gay;ipsum.suspendisse.non@yahoo.net;Ap #645-485 Curabitur Road;JKM79KKT3TL;13;41
Geoffrey;Christian;in.lobortis@icloud.couk;2583 Vivamus Rd.;FLK20FUY2UD;16;42
Hanna;Stokes;sociis@hotmail.net;2412 Lorem, Rd.;WMO41EST2DC;17;43
Omar;Camacho;lacus.quisque.purus@aol.net;Ap #168-813 Nisi St.;UHG14ZEW4JT;13;44
Cameron;Warren;amet.consectetuer@google.org;7681 Nascetur Road;IMT50EBS8PA;10;45
Yoshi;Horton;nunc@aol.com;P.O. Box 635, 4429 Mauris Av.;GOI79KBG7SV;8;46
Lance;Harrington;nec.imperdiet@yahoo.org;881-4001 Nec, Rd.;RVV20MBS7BB;2;47
Leslie;Combs;at.sem.molestie@google.com;182-9775 Ultricies Rd.;RMJ85VAO0QH;16;48
Melodie;Cohen;magna.cras@yahoo.org;P.O. Box 704, 8822 Lorem St.;CKF31XGP3CB;16;49
Carter;Walters;sem.ut.dolor@hotmail.com;P.O. Box 802, 7943 Augue St.;HHB69HLD1RO;5;50
Gisela;Francis;sem.egestas@protonmail.couk;512-5688 Nascetur Rd.;DCK87UYX6EC;16;51
Sandra;Wilkerson;erat.etiam.vestibulum@protonmail.couk;Ap #185-927 Gravida. St.;NGT72LJX4GQ;11;52
Zachery;Faulkner;sed@icloud.couk;223-1135 Odio Rd.;UNJ66BQR5DG;9;53
Kelsie;Barber;quisque.libero@aol.com;P.O. Box 476, 4707 Congue. Ave;MLT14FJA2QO;19;54
Brandon;York;dignissim.magna@outlook.couk;666-6394 Nibh. Av.;UBY47HRU5OV;5;55
Mason;Rogers;euismod.enim@outlook.couk;Ap #448-2534 Nam Rd.;PSF86SDI9AY;6;56
Sawyer;Peters;scelerisque@aol.couk;881-9335 Curabitur Rd.;LVH68TSM2IB;12;57
Kyla;Martin;quisque.nonummy@yahoo.net;1309 Maecenas St.;HVL34BKR0LO;4;58
Miranda;Salinas;varius.nam.porttitor@google.net;290-5014 Senectus Rd.;TOJ08LGG5GG;3;59
Micah;Olson;cubilia.curae.phasellus@google.edu;5231 Nunc Road;LIH22MNB5ZU;16;60
Shoshana;Berry;diam.sed@outlook.ca;P.O. Box 444, 2464 Vulputate St.;VPD92OGE7SV;7;61
Mercedes;Dunn;nec.diam@hotmail.org;300-7871 Sit Road;XHS36MXM1LV;7;62
Valentine;Vargas;nam.consequat.dolor@outlook.ca;P.O. Box 968, 6418 Nec Rd.;JRK96UOY1EK;3;63
Laurel;Sherman;suscipit.est@aol.org;P.O. Box 208, 3509 Tellus. Ave;QJS73VUE3HO;18;64
Lars;Jackson;pede.cras.vulputate@google.edu;753-6327 Nunc Rd.;PEO79MVK8HL;5;65
Roary;Giles;litora.torquent@google.org;653-1844 Arcu St.;HIG06SME7NO;13;66
Zachary;Webster;dictum@aol.net;5419 Metus. Road;NVS29XDI1BP;6;67
Keefe;Schneider;amet@hotmail.org;Ap #160-6970 Gravida Av.;LVM92ODH5BZ;11;68
Noble;Compton;aenean.sed@hotmail.ca;762-5724 Eu St.;JTR00ZMJ3NW;3;69
Elmo;Rodriquez;massa.integer.vitae@icloud.edu;693-277 Vitae Street;SGP52UUG4PH;11;70
Vanna;Burke;ipsum.primis.in@hotmail.couk;643-4464 Suspendisse Street;VPS38RNT4IP;10;71
Mannix;Drake;suspendisse.ac.metus@protonmail.ca;485-1013 Purus, Street;XJY44DTH2VB;7;72
Justina;Branch;risus.nunc@google.com;8821 Magna Avenue;AYY04GEB2YY;18;73
Noah;Harrison;amet@aol.ca;9301 Mi, Av.;RNM83VVS6QW;9;74
Cailin;Hines;libero.lacus@aol.couk;533-4477 Dapibus Rd.;ART21XEG3EF;18;75
Sylvester;White;diam@yahoo.edu;Ap #668-7916 Vehicula Road;USW08SRY4RP;16;76
Darrel;Conrad;augue.malesuada.malesuada@protonmail.com;154-8668 Non Av.;IOE41EQS7BZ;16;77
Helen;Welch;tincidunt.adipiscing@google.com;7860 Tristique St.;MFK61APT0SO;9;78
Hillary;Lambert;in@yahoo.org;P.O. Box 493, 5588 Vel Av.;LRL17ETN2AB;9;79
Karyn;Schneider;rutrum.urna@outlook.org;Ap #476-7597 Sapien Avenue;GMN78NFQ2BA;18;80
Macaulay;Chandler;bibendum.fermentum@icloud.org;Ap #983-6863 Ante. St.;GFH21SMC8TV;2;81
Cedric;Boyle;non.sollicitudin@outlook.net;Ap #123-5077 Nisl. St.;GNY24IDM3GO;8;82
Lacy;Luna;eros@aol.net;Ap #103-2466 Suspendisse St.;PUM81SMG1UJ;2;83
Vernon;Aguilar;sed.tortor.integer@icloud.ca;Ap #568-2138 At, Rd.;ZHJ45SUD2GY;2;84
Hyacinth;Ratliff;tellus.phasellus.elit@yahoo.ca;P.O. Box 870, 3898 In St.;ZVR80DKE6PY;8;85
Eugenia;Palmer;nullam@aol.ca;Ap #686-4482 Proin Street;XJE35FDJ7TP;18;86
Ruth;Eaton;posuere.cubilia.curae@protonmail.net;829 Suspendisse Avenue;QIB53FLP7SY;16;87
Heather;Miles;consectetuer.adipiscing@yahoo.ca;P.O. Box 768, 5263 A, St.;IJD17IFG5HR;11;88
Zeph;Trevino;non.ante@yahoo.ca;P.O. Box 976, 7381 Ultricies St.;ZJE23SJD8ZV;11;89
Armando;Luna;ornare@aol.com;547-6397 Amet, Street;ZMG95EPN0LR;11;90
Declan;Richmond;semper.et@yahoo.org;Ap #301-997 Donec St.;GNL25LLU4DJ;14;91
Zephania;Howe;et.rutrum@outlook.com;P.O. Box 381, 7192 Quis Rd.;NWC26MKN2AC;16;92
Raymond;Christian;ornare@outlook.ca;Ap #647-4319 Ultricies Road;YFB11IXL3XD;13;93
Joel;Andrews;egestas@protonmail.couk;P.O. Box 606, 7965 Aliquam Rd.;LPX21AQD8AI;4;94
Carl;Pollard;donec.egestas@aol.ca;415-2756 Diam St.;OFS64YHU2CV;12;95
May;Reed;integer@yahoo.ca;Ap #217-586 In Ave;MUG82HUD1DV;19;96
Maxwell;Savage;id.blandit.at@aol.couk;Ap #618-494 Phasellus Street;KEM58CDW8OH;14;97
Philip;Joyner;ornare@google.ca;Ap #241-1069 Ipsum St.;IQV57YWX4JU;14;98
Tatiana;Dean;tellus.suspendisse@yahoo.org;994-4936 In, Av.;GWG09GQK9HR;12;99
Cairo;Mckay;neque.nullam@yahoo.couk;P.O. Box 179, 5882 Aliquet St.;YXI51XRY6NW;19;100
Jesse;Perkins;tellus.lorem@hotmail.com;Ap #547-9050 Phasellus Street;CKU88QCO2KD;10;101
Ali;Mcpherson;tellus.id.nunc@hotmail.couk;P.O. Box 654, 3082 Amet St.;VQV88JFL1WM;13;102
Maite;Stokes;eu.ligula@icloud.couk;Ap #218-5057 Quisque Ave;HIP74YSQ1SY;3;103
Marsden;Beck;libero.proin@aol.com;P.O. Box 317, 4165 Diam Av.;MJU02LOW3QF;14;104
Kylynn;Saunders;malesuada.augue@outlook.couk;Ap #730-1968 Ut, Rd.;EEM63LVF6VA;18;105
Jolie;Middleton;nunc.laoreet@outlook.net;2233 Feugiat. Rd.;ERL85SUQ3MH;17;106
Aileen;Ayers;penatibus.et.magnis@google.net;923-7130 Maecenas Avenue;GSF25OJE1VL;8;107
Rinah;Parsons;eu.ligula@icloud.org;Ap #346-5272 Faucibus St.;VLW05ZRQ7ER;19;108
Judah;Frazier;amet.faucibus@yahoo.com;Ap #962-3026 Mollis. St.;SBK71STX7ZC;19;109
Hu;Snyder;augue@icloud.net;446-7451 Aliquam Road;QAV47MQQ2KC;12;110
Maia;Velazquez;facilisis@google.ca;908-1224 Sem St.;HBS76LIV5QO;14;111
Kaitlin;Barrett;ipsum.curabitur@aol.net;409-4112 Pretium Street;IKX84OWG9TX;6;112
Briar;Mckinney;nunc@yahoo.net;Ap #608-7912 Blandit St.;PJP18PUE4GS;7;113
Denton;Walters;litora@google.com;484-9690 Et Rd.;GFY93VXD9GY;13;114
Mufutau;Reynolds;amet@aol.ca;361-9601 Felis Avenue;CWG67OIO3YX;10;115
Baxter;Ray;rutrum@aol.edu;Ap #931-9315 Velit St.;GKC32OHH2WD;17;116
Neville;Lawson;quisque.imperdiet@outlook.couk;507-6584 Tempus, Ave;XGJ16EFD4XN;7;117
Dawn;Clay;mauris.non@google.ca;P.O. Box 406, 5300 Primis St.;PLO46BAM3KP;16;118
Abra;Howard;blandit.mattis@aol.org;515-9176 Blandit Rd.;AXT72PGO5DU;8;119
Sydnee;Hendrix;metus.aliquam@icloud.net;Ap #205-2465 Suspendisse St.;ERW19VIJ1FH;6;120
Ulysses;Byers;eu.sem@aol.couk;Ap #729-9530 Hendrerit Av.;FPS81VDF2SG;3;121
Xavier;Kramer;magna.nam.ligula@outlook.couk;Ap #221-5596 Varius. Street;HVP27WPY2MR;3;122
Cedric;Stephens;felis@outlook.org;Ap #387-1023 Dui Street;MYO43HMV7GZ;4;123
Aquila;Harmon;sed.nunc.est@hotmail.org;Ap #441-5370 Sed St.;QFR48JJO6UF;19;124
Emerson;Holder;morbi.metus@google.ca;1186 Phasellus Rd.;JRD98XOC8NB;12;125
Breanna;Herring;urna@outlook.net;P.O. Box 898, 3031 Aliquet Rd.;JCD33KKP0NH;12;126
Althea;Frye;erat.volutpat.nulla@icloud.edu;9707 Integer Ave;BSF76OKS1TB;13;127
Xavier;Spence;eu.placerat@aol.net;730-4263 Enim, Avenue;QQJ52NHZ2KN;7;128
Garrison;Bailey;cum@hotmail.edu;7597 Enim. Av.;TQV65CWR1YJ;6;129
Clinton;Armstrong;pede.nec@yahoo.org;Ap #376-6386 Neque Ave;CMO27OZW3HI;11;130
Geoffrey;Joyce;odio@hotmail.edu;Ap #968-3303 Ac, Rd.;HZM34VUN8OP;2;131
Giacomo;Ramos;rutrum.non@google.edu;578-5446 Libero St.;JJP04RHQ7YB;16;132
Dahlia;Robinson;tempor@hotmail.ca;1157 Suscipit Ave;RKB64SDG2ZQ;8;133
Cora;Wiley;lobortis.nisi@icloud.couk;591-6567 Magnis St.;KEY09SNB1KE;18;134
Nash;Miranda;convallis@hotmail.couk;P.O. Box 305, 3764 Odio Av.;JXG59QPM7FP;3;135
Aurelia;Bush;egestas.hendrerit@outlook.edu;P.O. Box 391, 5564 Magnis Rd.;QVL25ILR5YA;10;136
Karly;Solomon;curae@outlook.net;943-8883 Egestas Rd.;DNP00IGQ2GQ;10;137
Marvin;Whitehead;enim.commodo.hendrerit@google.com;777-5474 Lacus. Rd.;EEA34POI5NT;10;138
Cally;Small;erat.in.consectetuer@google.net;7593 Vitae, Ave;NET23CPE4VV;3;139
Jenna;Mcbride;tellus.non@icloud.edu;P.O. Box 877, 9553 Fermentum St.;EUU95APT3MC;16;140
Pearl;England;gravida.praesent.eu@google.edu;Ap #427-8360 Magna Av.;QSJ47DWA2ED;19;141
Irene;Blankenship;erat.sed@yahoo.com;411-1499 Maecenas Street;VCJ52OFU8PM;9;142
Fay;Beasley;adipiscing.enim.mi@yahoo.net;Ap #951-915 Tempus Rd.;PAD05YYR7AZ;6;143
Thane;Knowles;interdum@outlook.couk;271-130 At Avenue;FWC48NVI7YR;3;144
Deirdre;Howe;dolor.tempus@hotmail.org;122-1351 Molestie St.;AFA25CJH1ON;17;145
Farrah;Brown;semper.rutrum@hotmail.ca;258-6087 Sed Street;QMO81YFL8ZI;16;146
Quintessa;Rosario;hymenaeos.mauris@outlook.org;364-4547 Semper Street;TPC84PQU2LT;4;147
Clio;Raymond;parturient.montes@outlook.edu;592-2375 Donec Rd.;OWC67HZN4OJ;6;148
Piper;Simon;integer.sem@hotmail.edu;P.O. Box 678, 2990 Sagittis Ave;QEG24OFV8PT;12;149
Ori;Estes;augue.malesuada@protonmail.net;1778 Placerat Av.;FBO65XMA8OE;16;150
Gary;Savage;eu.eleifend@protonmail.ca;989-550 Ultrices St.;EUK37BDY1FP;9;151
Blaze;Hatfield;viverra.donec.tempus@hotmail.couk;P.O. Box 294, 9566 Amet Rd.;XTL34FWL7YR;11;152
Henry;Spears;metus@aol.org;144-4532 Erat St.;DQF65OWE4FC;17;153
Reese;Horton;scelerisque.lorem@icloud.org;775-2922 Ipsum Ave;LSW36UIQ3CP;10;154
Samson;Russell;ultricies@protonmail.net;2013 Commodo Street;IFO36CKV9SA;10;155
Ann;Elliott;aliquet@outlook.org;6865 Luctus St.;YMO86BJP3EU;18;156
Aline;Williams;tristique.pharetra@google.ca;Ap #200-6737 At Ave;KTZ67LIO0NF;16;157
Paul;Albert;tempus.lorem@yahoo.com;5355 Cras Street;PFX47NID4QY;16;158
Allistair;England;metus.sit.amet@aol.ca;Ap #387-4573 Commodo Street;WJM67SLO3RE;10;159
Addison;Sutton;vehicula.et.rutrum@icloud.edu;1747 Duis Av.;JFW44XLV0AY;5;160
Wynter;Bradshaw;consequat@outlook.edu;553-4546 Nunc Rd.;NRA74LUN2IV;10;161
Reese;Vincent;facilisis@icloud.edu;Ap #708-4382 Maecenas Avenue;NDM68DBW7SL;6;162
Nigel;Dickerson;sed.auctor.odio@protonmail.couk;793-6217 Ac Av.;PCF05FTC4SW;19;163
Kevin;Russo;dictum.placerat@protonmail.couk;4079 Adipiscing Avenue;CYO75UVU8UN;7;164
Demetria;Morris;enim.nunc.ut@aol.couk;P.O. Box 541, 1057 Lectus Street;UJN72RGJ5WG;9;165
Arden;Cunningham;ridiculus@google.com;145-1191 Tempor Street;AGR68WVK6VN;9;166
Barry;Atkinson;eget@yahoo.couk;844-6481 Proin Road;INA64RTF4KV;17;167
Michael;Molina;mauris.vel.turpis@outlook.com;869-4070 Sed, Rd.;XEN23WPW9EQ;13;168
Kamal;Mcmillan;consectetuer.mauris@hotmail.ca;P.O. Box 179, 8301 Accumsan Avenue;QJI83FEI3AM;11;169
TaShya;Richards;enim.condimentum.eget@outlook.ca;Ap #313-712 Tempus Ave;WMK72ILD0IC;14;170
Hayfa;Mueller;amet@google.edu;P.O. Box 938, 8477 Habitant Ave;TGA28JGZ7OI;5;171
Jessica;Waters;et.tristique@hotmail.ca;Ap #501-4626 Libero St.;ICD67BKB6WB;14;172
Griffith;Wall;molestie@yahoo.couk;P.O. Box 763, 7239 Porta Rd.;BIJ43KEB2GN;2;173
Stacey;Woodard;lorem@protonmail.couk;6341 Faucibus Avenue;ELQ62KAI5LO;18;174
Walker;Roy;adipiscing.mauris@aol.net;Ap #686-3531 Lacus. St.;UJP81SCM8GS;13;175
Geoffrey;Simpson;tincidunt@google.ca;8967 Sem. Rd.;SRR69PEU1KQ;9;176
Brenden;Sullivan;at.libero@google.net;425-3465 Montes, Rd.;HVN05DTY6II;14;177
Desirae;Bullock;sed.eu@aol.net;P.O. Box 698, 2939 Blandit Ave;TCQ67NMN1IT;16;178
Fulton;Miles;quis.arcu@aol.net;882-3322 Commodo Ave;FNF25SSV9NZ;6;179
Neil;Fry;in.felis@yahoo.couk;2628 Donec Avenue;AVP45PTF8TH;12;180
Valentine;Hatfield;ultrices.a@aol.edu;Ap #106-5778 Quam Road;NSE43BDP1IL;12;181
Keaton;Stanley;malesuada@google.com;900-9440 Ipsum Ave;XXV88WBT5IF;1;182
Darrel;Grant;dolor.fusce@outlook.com;Ap #743-7803 Et Av.;VLJ47EIJ7EL;16;183
Florence;Taylor;mauris.a@yahoo.edu;944-6333 Cursus Rd.;BUH14ETX8JE;19;184
Vivien;Reynolds;nulla@yahoo.com;7693 Bibendum. Ave;HKG44CNG5GU;16;185
Janna;Webster;mus.proin@icloud.couk;500-8714 Taciti Street;RRP17QCP3FP;18;186
Julie;Mcintyre;euismod@protonmail.edu;Ap #281-8268 Iaculis Rd.;UIF24XZB4UB;8;187
Sonya;Warren;non.justo.proin@outlook.ca;Ap #703-6898 Ipsum Av.;XHR62VFF2GC;7;188
Sebastian;Cobb;nunc.sed.orci@icloud.couk;959-3381 Fringilla, Rd.;EUF23AIY1FQ;16;189
Jade;Burton;tellus.sem@icloud.com;499-6269 Euismod Rd.;OXB78YDN2GK;16;190
Julie;Britt;ut@hotmail.edu;1859 Donec Ave;TIX85RUA3EW;18;191
Sade;Decker;aliquam.ornare@icloud.net;872-9678 Dis Road;OCR55DUN4AZ;6;192
Garrett;Langley;duis.gravida@hotmail.org;7362 Malesuada St.;PEM73IGR6TH;8;193
Phyllis;Stokes;dolor.sit@icloud.edu;735-1857 Cras Road;YJW54QZH1JO;19;194
Barrett;Mercado;lacus.cras@yahoo.ca;P.O. Box 165, 9344 Tortor. Rd.;BQX46AQM5AI;19;195
Wylie;Cline;vitae@icloud.org;758-9669 Cras Rd.;HTO66IXL4HR;16;196
James;Harmon;enim.sed@protonmail.ca;P.O. Box 663, 134 Donec St.;YLG02MYC1CG;9;197
Ross;Dale;sociis@google.ca;Ap #978-833 Semper Ave;GPF90XQI3IZ;9;198
Ashely;Goff;nibh@aol.org;Ap #646-5913 Accumsan Rd.;WYY66DEV3GU;3;199
Illiana;Gibson;hendrerit.neque.in@yahoo.net;305-2156 Odio, Av.;HMT15HNQ2SI;10;200
Kylan;Mccall;faucibus.lectus@google.edu;Ap #865-2565 Lorem St.;HGE34VYA8FS;9;201
Lucy;Joyner;enim@icloud.org;224-7090 Auctor Av.;QJH64AQC0WK;8;202
Yvonne;Velez;leo.morbi.neque@aol.com;695-6934 Magna. Street;SNL55QBE7FC;6;203
Amelia;Parsons;ante@icloud.edu;977-4231 Diam Rd.;NFH30KEH7IR;14;204
Erasmus;Tate;at.egestas@aol.ca;6709 Malesuada Street;BKX13TWU5PV;7;205
Ima;Chen;mattis.semper@aol.edu;4691 Dui. Av.;DMD83IPF3EK;18;206
Bernard;Hopper;sed.eu.eros@hotmail.net;897-4979 Nunc Avenue;PLP72ETP6PJ;4;207
Deirdre;Everett;etiam.imperdiet.dictum@aol.net;Ap #274-4652 Suscipit Ave;HQX82LNJ2TX;3;208
Ciara;Horton;in.faucibus@icloud.ca;2570 Neque Av.;LUE21VEO7TT;8;209
Imelda;Paul;ipsum@protonmail.org;P.O. Box 871, 2096 Dignissim Av.;PTE71COX4LX;18;210
Yuri;Leach;nunc.quisque@icloud.net;Ap #528-6436 Ac Avenue;PTW12TFZ5PG;19;211
Haviva;Larsen;orci.consectetuer@aol.couk;624-4294 Sociosqu Av.;KFK88GJP9QK;18;212
Scarlet;Ingram;consequat.auctor.nunc@hotmail.couk;P.O. Box 754, 9365 Phasellus St.;RVD12TVV1VO;19;213
Roth;Moreno;ut.sem.nulla@hotmail.com;P.O. Box 750, 441 Aliquet St.;NAM93GQE7FP;12;214
Jada;Kelly;et@protonmail.ca;8457 Turpis. Rd.;PTR71OKV5TK;17;215
Axel;Simmons;eget.ipsum@icloud.ca;Ap #894-9609 Vestibulum Rd.;OFK73POE2PR;6;216
Echo;Herman;quisque.ac@hotmail.org;P.O. Box 735, 9715 Eleifend Rd.;BSN52CMQ1NL;11;217
Elijah;Reynolds;enim@protonmail.ca;324-3895 Aptent Avenue;RVG43ICD0SK;5;218
Howard;Allen;ipsum@google.edu;Ap #562-554 Purus, Ave;KYN39JEM7GS;12;219
Vincent;Dickerson;placerat.cras@icloud.couk;P.O. Box 294, 4363 Ligula Rd.;CLT76KXL9BU;16;220
Nadine;Garrison;scelerisque.dui@protonmail.net;Ap #386-6467 Pede St.;BFR67JAG1GV;3;221
Cally;Livingston;blandit@aol.couk;287-2474 Mauris Road;ZYN76QFM6IE;9;222
Kibo;Larsen;malesuada@google.org;229-3611 Velit. Street;LED86IYL7EO;8;223
Marcia;Griffith;nunc@aol.org;Ap #301-2110 Neque St.;XZR54FYM2UX;18;224
Leah;Romero;ultrices@hotmail.com;215-7625 Orci. Avenue;XGU56GPR8MC;12;225
Gareth;West;nec.ligula@yahoo.edu;Ap #158-9227 Et Ave;MMH66GNH8GN;4;226
Kirsten;Gilmore;scelerisque.neque@protonmail.ca;7086 Nunc. Rd.;OXQ61NGO6NA;7;227
Hedley;Barrett;donec.nibh@aol.net;Ap #759-9185 Dictum Rd.;IBG11QCH4RK;2;228
Forrest;Craig;a.nunc@aol.org;578-3971 Risus, Rd.;UGD56SKL3JF;7;229
Melinda;Casey;ridiculus.mus.aenean@hotmail.net;325-1514 Risus. Street;TND55XTG1BL;16;230
Iliana;Nelson;vivamus.non.lorem@protonmail.org;Ap #284-9059 Proin Ave;ANO31LBN9XG;7;231
Ora;Bradley;arcu.nunc.mauris@hotmail.edu;Ap #115-9660 Donec Avenue;QPP98WCN3JI;4;232
Charity;Wheeler;feugiat.non.lobortis@protonmail.org;Ap #628-7759 Augue Street;TXX22DZB8RB;10;233
Bruce;Ramos;et@outlook.ca;6964 Sem, Av.;MNS63BWS8PM;5;234
Desirae;Strong;in@icloud.ca;5172 In, Ave;WSD58YKT2PF;9;235
Echo;Mcclure;senectus.et@google.edu;139-2276 Morbi Avenue;TDV44ICJ7WU;3;236
Aristotle;Vance;integer@yahoo.ca;5267 Vivamus Av.;SDJ75YTD0YW;16;237
Kenyon;Barton;dictum.ultricies@aol.couk;784-9771 Mauris St.;MWB58XRS0FI;2;238
Duncan;Webb;semper.et@google.couk;4664 Dapibus Street;KJV95KVT7ZF;4;239
Nasim;Mckay;lectus.ante@protonmail.org;136-2670 Consectetuer Rd.;TUC14WPZ3MU;10;240
Felicia;Pena;facilisis@aol.org;Ap #519-7342 Non St.;BFQ42FNZ6SC;1;241
Marsden;Case;aliquam.eu@google.ca;P.O. Box 584, 2385 Cum St.;YPT98YXE3UJ;18;242
Simon;Roth;ac.mi@google.ca;848-9930 Duis Rd.;XVB92PFT2RI;8;243
Ingrid;Vaughn;eu@protonmail.ca;Ap #553-3074 Purus, Road;ZSR66FNO1PT;5;244
Troy;Day;egestas.fusce@yahoo.ca;P.O. Box 719, 8724 Dictum Street;GMX73MZI0HL;3;245
Sebastian;Osborne;volutpat.nulla@yahoo.net;Ap #367-7871 Risus Avenue;GUM63MYO0CE;6;246
Bethany;Vaughan;non.lorem@yahoo.edu;Ap #799-6428 Cras Street;JMN63API1AI;11;247
Nell;Marshall;risus@google.ca;Ap #274-6154 Dolor, Av.;JPD66JAV9DQ;12;248
Cassady;Pearson;neque.in@google.org;Ap #530-4767 Ac Ave;JYJ77PVY7VL;1;249
Lars;Macias;velit.aliquam.nisl@outlook.edu;298-773 Vestibulum St.;BGR38PQZ8LT;19;250
Lara;Richardson;pellentesque.massa@google.net;420-5440 Magna Street;KHN82CHF4CN;7;251
Dexter;Murray;et.malesuada@aol.com;Ap #535-6686 Non Avenue;AQH12FMT5ON;5;252
Darrel;Blevins;quisque.porttitor@icloud.edu;Ap #774-6648 Hendrerit Street;CON74YWU0YX;7;253
Kennan;Sparks;pede@hotmail.net;2169 Non, Rd.;KFS76BSU0UD;16;254
Kamal;Mendez;gravida.nunc@hotmail.com;317 Nec St.;YPG15BOT4EM;17;255
Regan;Foley;at.lacus@aol.edu;796-4615 Nisi Rd.;AFH26YEN2WN;2;256
Kellie;Holden;nec.tempus@icloud.couk;9115 Sapien, Rd.;BQT47HHQ1FI;2;257
Colton;Gentry;nulla@yahoo.org;9391 Facilisis St.;FJG47TPY5SS;19;258
Beck;Morgan;magna@google.org;5254 Placerat, Rd.;CXI21CDL6YK;6;259
Lael;Oneal;vitae.aliquam.eros@aol.org;4332 Duis Ave;MCQ60TWO7UJ;3;260
Cain;Malone;egestas.hendrerit@google.edu;1450 Aliquet Avenue;HBB83MQB3ZT;5;261
Asher;Carter;sit.amet@yahoo.net;514-5980 Tincidunt Road;BFG61IDO0CB;10;262
Salvador;Gilliam;cum.sociis@hotmail.net;163-108 Arcu. Street;NPV67BKB4QP;14;263
Ralph;Booth;nisl.maecenas@google.ca;Ap #843-9348 Ut St.;ULN51OOD6VS;7;264
Adrienne;Livingston;curabitur.ut.odio@yahoo.com;Ap #495-7287 Fermentum Avenue;LGI77BJR8MS;6;265
Alfonso;Finley;id.blandit@protonmail.ca;P.O. Box 508, 9512 Non Rd.;VJG04DYB3EP;7;266
Susan;Boyle;interdum.curabitur.dictum@aol.edu;P.O. Box 783, 2247 Lacinia. St.;HEV68VXK8HW;8;267
Brock;Hart;nec.orci@google.net;495-9671 Ultrices, Rd.;MWK26VYC2LI;18;268
Karly;Bright;leo.elementum@google.net;P.O. Box 243, 4535 Eu, St.;JUF08UJV8FD;1;269
MacKensie;Bass;integer.aliquam@outlook.com;Ap #234-3254 Donec Ave;XMD57FFY1EU;8;270
Bradley;Mcclain;cras@icloud.com;P.O. Box 859, 9395 Gravida Ave;VOZ60ARL8DQ;18;271
Evangeline;Blevins;natoque@hotmail.couk;934-6859 Dictum Avenue;TAI73KQH5VY;10;272
Daphne;Hart;sollicitudin.commodo.ipsum@outlook.couk;273-6165 Fames St.;OLG21VRM3BH;10;273
Buckminster;Harrell;ridiculus.mus@outlook.net;Ap #450-4073 Sodales Avenue;JSK72VMX3AS;19;274
Anne;Melton;amet@protonmail.ca;Ap #166-4376 Odio Road;DBG23TVU3XC;2;275
Fredericka;Norton;vel.arcu.curabitur@outlook.net;6285 Erat. Rd.;KCY22NHN2XR;19;276
Ella;Stein;nisi.magna@yahoo.couk;Ap #722-6206 Arcu Avenue;HLG25JEF5GC;16;277
Celeste;Fernandez;mus.aenean@protonmail.net;Ap #960-3662 In, Avenue;HKY28WER6HD;13;278
Keiko;Finch;nam.ligula.elit@hotmail.edu;Ap #778-5781 Vestibulum Av.;LTD38NQT0LN;16;279
Hyacinth;Osborne;justo@yahoo.couk;990-1102 Ridiculus Rd.;KPH25JFE3PJ;8;280
Ray;Chaney;mauris.blandit@yahoo.org;Ap #373-7758 Convallis St.;DPJ21PNF5EL;10;281
Camden;Welch;semper.pretium.neque@google.couk;1121 Magna. Street;BIF80FSX4TH;16;282
Kato;Yang;placerat.velit@aol.ca;695-4626 Cras Road;OGW72ZBP2IH;13;283
Castor;Hodge;egestas@protonmail.edu;Ap #135-9422 Amet Street;PTD48VOE0KO;5;284
Darius;Richmond;lorem.lorem@google.couk;1549 Turpis Rd.;BSR80AUR2GF;18;285
Andrew;Lindsey;interdum@protonmail.edu;P.O. Box 839, 5143 Dui. Rd.;PSK56FTI5UO;10;286
Pandora;Noble;magna@protonmail.com;P.O. Box 540, 5869 Auctor Road;DVG59RMY2IT;12;287
Shaeleigh;Young;magna@google.ca;322-6051 Elit, Rd.;FPO36OOR5AQ;12;288
Lewis;Casey;lorem.fringilla@outlook.edu;924-5716 Egestas. Road;WYZ54OYD2RC;3;289
Ryan;Brennan;nunc.quisque@google.ca;Ap #156-9482 Porttitor St.;FQW44BJT7YW;1;290
Driscoll;Gilliam;ultrices.posuere.cubilia@yahoo.ca;Ap #741-5063 Cras Street;LDS63NQL2QO;11;291
Hiram;Saunders;massa.lobortis.ultrices@protonmail.net;243-7116 Vitae Avenue;TKQ79CSV5EC;3;292
Tobias;Camacho;fermentum.arcu.vestibulum@hotmail.net;Ap #884-8257 Enim. Ave;POE57YXX3DA;16;293
Gavin;Tyson;ipsum.donec@google.net;Ap #365-2086 Ornare, Road;YBI24POM6MR;14;294
Octavius;Rose;nullam@aol.net;553-1979 Donec Rd.;HIP28EJX5JS;13;295
Dora;Vasquez;ultricies.adipiscing.enim@outlook.net;Ap #573-2897 Ipsum St.;TQX31QOY7CT;9;296
Imani;Wong;torquent.per@outlook.org;737-3084 Nulla St.;MEA69MOJ5IT;18;297
Quynn;Baird;non.dapibus@aol.net;Ap #674-5776 Interdum St.;SYW56ILE1VU;16;298
Aaron;Wolf;eros.nam.consequat@hotmail.couk;P.O. Box 181, 6589 Aenean Ave;GMZ41TWM7RC;2;299
Asher;Huff;vel@protonmail.org;Ap #865-6903 Ac St.;GCR66WGD8QH;14;300
Leroy;Berger;mus.proin@aol.couk;Ap #417-4685 Erat, St.;XUG84HAJ5SF;13;301
Gretchen;Hudson;tempus.eu@hotmail.net;269-7668 Duis Rd.;JVI65DGN1PF;5;302
Timon;Christian;tincidunt@outlook.com;P.O. Box 985, 2296 Nec, Rd.;QNX82QUD2AY;12;303
Nadine;Pope;duis.volutpat.nunc@outlook.net;Ap #646-232 Et Road;JJC73GPQ3JE;8;304
Kuame;Sykes;pellentesque.eget@hotmail.net;192-3521 Velit Av.;MWC77YSY5FX;6;305
Chaim;Stafford;vitae.purus.gravida@protonmail.couk;3082 Dictum Street;UXE71RRI2JE;4;306
Brett;Schwartz;magna.ut.tincidunt@protonmail.ca;P.O. Box 119, 4116 Risus. St.;IHU51TEL1JT;10;307
Lewis;Walsh;amet.consectetuer.adipiscing@outlook.couk;Ap #970-9749 Bibendum Ave;XSS61CBD7EJ;2;308
Zena;Paul;scelerisque.neque.nullam@yahoo.couk;Ap #857-1593 Orci, St.;LPM26RWD7GW;5;309
Kennedy;Best;sed@outlook.com;8714 Lorem, Street;PEE16TXL5ZK;10;310
Devin;Marks;pede.cras.vulputate@hotmail.couk;P.O. Box 936, 4754 Molestie St.;HVW41PHD1CO;16;311
Davis;Little;praesent.eu.nulla@hotmail.com;1989 Aenean Avenue;EGZ73XMF5VO;8;312
Emerald;Cooper;feugiat.lorem@hotmail.net;P.O. Box 165, 2111 Dictum Rd.;UEO36ICI3CV;8;313
Emerson;Horton;lorem.lorem@hotmail.net;333-8409 Velit Road;VNI74LYD4LD;9;314
Benedict;Rollins;donec@hotmail.ca;442-6786 Lorem. Ave;OYH66ABU5CF;6;315
Jack;Willis;vel.lectus.cum@outlook.net;Ap #929-8516 Sapien St.;MKC43HJJ6XJ;3;316
Constance;Alvarez;lorem.tristique@yahoo.com;179-3273 Ante. St.;QBQ75GVR3JY;19;317
Hunter;Joseph;eu.tellus@outlook.couk;265-1614 Donec Av.;GCN86CZV2TN;12;318
Dale;Mendoza;vulputate.velit@google.com;742-1194 Hendrerit Road;UXW67JZV3PD;1;319
Claudia;Webb;lacus.vestibulum@google.edu;P.O. Box 315, 8068 Erat Rd.;BHU83PXC3DQ;4;320
Kibo;Roberson;lectus.pede.et@outlook.couk;Ap #364-5033 Feugiat Ave;KDC47YGF9CC;19;321
Amity;Livingston;ipsum.suspendisse.sagittis@hotmail.org;P.O. Box 561, 2472 Fusce St.;LJG56JUS7TB;10;322
Jemima;Rowe;laoreet.ipsum@yahoo.com;Ap #258-7463 Blandit Rd.;OWV79UHP1MF;6;323
Griffith;Clark;faucibus.ut@aol.net;878-315 Odio, Avenue;YGR34NTI7JY;7;324
Erin;Sims;in@outlook.ca;Ap #857-7569 Bibendum Av.;PSU32GVT3MI;13;325
Merrill;Harmon;dolor@outlook.com;P.O. Box 935, 4962 Sodales Road;FTH85VLL3TV;13;326
Lance;Booker;suspendisse.ac.metus@aol.ca;P.O. Box 570, 2618 Hendrerit Street;HQY34XXF0YG;7;327
Elliott;Williams;vitae.posuere@yahoo.couk;398-3740 Sem Street;WVR84IRK5HH;12;328
Ferris;Pate;sit.amet@outlook.edu;971-4372 Duis Street;XXM60BEN5RA;6;329
Celeste;Kemp;lacinia.vitae@icloud.edu;532-4841 Tempus St.;KNO76OEQ0PX;19;330
Hammett;Bishop;arcu@aol.com;Ap #660-5805 Amet Avenue;MWX38LBJ4VV;2;331
Odysseus;Mckee;montes.nascetur@yahoo.net;Ap #288-5373 Fringilla Avenue;OFM23MBB9VI;17;332
Callum;Watson;egestas@google.org;6973 Arcu. St.;SZS30QUJ5ZR;10;333
Cathleen;Whitney;velit.eget@outlook.net;Ap #432-5633 Aliquam Rd.;RSL41PYP2JI;13;334
Griffin;Mccoy;eget.nisi@icloud.com;632-7119 Curabitur Av.;NSQ87FKK1CT;11;335
Tanner;Mcfadden;auctor.nunc.nulla@yahoo.com;P.O. Box 486, 4199 Vestibulum Ave;IBC73PGR0DJ;12;336
Thaddeus;Sanford;aenean.euismod@yahoo.net;P.O. Box 934, 4664 Netus Av.;JYG05YNF5MQ;1;337
Arthur;Summers;felis@hotmail.couk;Ap #480-7244 In Av.;SFO55OKB5VN;18;338
Imelda;Green;amet.consectetuer@hotmail.com;649-2045 Dolor, St.;LWD45RYU4TZ;8;339
Cadman;Daniels;posuere.cubilia.curae@hotmail.ca;P.O. Box 945, 9458 Sociis Avenue;SKW51QSR1KB;1;340
Keaton;Curtis;odio.auctor.vitae@yahoo.edu;Ap #945-1942 Eu Avenue;BKP06IIW4DL;18;341
Brenna;Mcintyre;nibh.vulputate@aol.couk;407-9965 Eu, St.;IYC48KAY2QE;1;342
Rhona;Rhodes;sed.nulla@protonmail.net;293-4845 Vitae Road;FNV89XMJ9VH;19;343
Keaton;Woodward;facilisis@google.org;980-6725 Mollis Rd.;GTG15YPD4UQ;8;344
Olympia;Coleman;mattis.integer.eu@icloud.ca;277-9736 Condimentum Road;TDC63RQR8VX;1;345
Cathleen;Griffin;curabitur@aol.edu;Ap #260-6531 Ipsum Ave;SWX46QGA2UT;3;346
Lisandra;Bailey;sed@icloud.net;Ap #271-8249 Pellentesque Av.;NVN53INV1XM;7;347
Carson;Roach;elit.a.feugiat@protonmail.ca;Ap #588-8365 Suspendisse Ave;QCI99XTR8DJ;11;348
Oprah;House;nulla.aliquet.proin@yahoo.edu;5114 Lectus Ave;FQN10DXX9YR;17;349
Regan;Fleming;hymenaeos.mauris@google.net;P.O. Box 126, 4092 Purus Rd.;VGM37OFI5HG;7;350
Carolyn;Salinas;vehicula@icloud.ca;Ap #957-7861 Amet, Av.;OIC06IXG7ED;10;351
Leonard;Cohen;arcu@aol.com;437-2742 Lobortis. St.;UJT64LUK9XY;2;352
Risa;Arnold;integer.eu@hotmail.com;Ap #894-4080 Pede. St.;JSR31JQI1WS;3;353
Myles;Mills;vel.nisl.quisque@protonmail.edu;P.O. Box 191, 3381 Quisque St.;GJV85HDN6UX;5;354
Aurora;Hernandez;ut.nisi@hotmail.net;Ap #408-6845 Vel, St.;XEX18PXW4NT;3;355
Howard;Lloyd;erat.vel@icloud.couk;P.O. Box 584, 5126 Ligula. Av.;XHY34XON2OS;7;356
Brynn;Grant;eu.eleifend.nec@icloud.ca;824-8753 Dictum. Rd.;IQE41EXQ5FN;1;357
Chelsea;Mckinney;volutpat.nunc.sit@hotmail.edu;457-1253 Lobortis Rd.;IDP40VBK5GS;11;358
Zeph;Mcdonald;et@google.org;Ap #899-4271 Luctus Ave;FDJ11WEB4NR;4;359
Abdul;Rocha;etiam@icloud.org;P.O. Box 383, 9166 Nonummy Road;NOV93KYA4OD;17;360
Roary;Ayala;in.cursus@yahoo.ca;P.O. Box 126, 2761 Egestas Road;WCO22FEB6LY;7;361
Elliott;Parrish;dictum@protonmail.couk;Ap #362-8287 Maecenas Rd.;RWT17NCF1VL;2;362
Lucian;Sweet;pede@aol.ca;Ap #133-185 Nec Rd.;OCT51BFF6DT;5;363
Lawrence;Dillon;fringilla@outlook.couk;9511 Donec St.;TUU96TEI6OK;7;364
Callum;Sloan;nonummy.fusce@google.ca;4733 Tincidunt St.;JQO28JIC7FJ;6;365
Brenden;Gibson;ac.orci@google.com;P.O. Box 366, 765 Faucibus. Street;NOS25GIU5SG;16;366
Lillith;Grimes;laoreet@aol.edu;669-4317 Mattis Avenue;RYJ56KQO5UT;4;367
Branden;Marquez;ante.maecenas@hotmail.couk;569-3959 Vel St.;UNP87NGU4UX;14;368
Thane;Goodwin;integer.aliquam@google.org;Ap #956-7081 Blandit Road;KSG99PAG7IX;3;369
Lara;Barber;nisi.dictum@hotmail.ca;296-170 Nonummy. Road;UPG84ZZE1SV;14;370
Wyatt;Gregory;nam@protonmail.couk;819-4813 Pellentesque Rd.;QHV86FHZ3IH;6;371
Herrod;Shaw;malesuada.fames@google.edu;195-6855 Sociis Rd.;FOW43UXX2JN;4;372
Adrian;Glass;quis.accumsan.convallis@aol.net;Ap #234-8871 Morbi Av.;MLA35VRX7FP;1;373
Drew;Sparks;a.ultricies.adipiscing@protonmail.net;Ap #469-5558 Nam Rd.;RMZ70IFQ1MW;11;374
Zane;Gould;fusce.feugiat@yahoo.org;Ap #848-563 Vulputate, Ave;FVS06YEJ3KY;17;375
Lenore;Salazar;integer.in@icloud.org;P.O. Box 344, 7477 Nulla. St.;KRR58SWM5MJ;14;376
Aladdin;Dudley;arcu.iaculis@icloud.com;Ap #109-2506 Euismod Rd.;MTL47GUG1NY;18;377
Stella;Blair;tincidunt.dui@icloud.couk;Ap #464-8738 Semper Rd.;OHD17PRE7JC;6;378
Graham;Robles;hendrerit.consectetuer@outlook.com;Ap #223-1862 Scelerisque, St.;ZNC47ZRZ6IE;8;379
Walker;Le;nulla.semper@yahoo.couk;Ap #882-6497 Mus. Street;IBV77TFF6JF;6;380
Roth;Yates;nibh.sit@protonmail.couk;6445 Aenean St.;IMH87MUA6YL;2;381
Neil;Fry;proin.velit@icloud.ca;6081 Metus. Street;PEZ02DUY6HV;4;382
Naida;Craig;sed.congue@protonmail.net;8223 In St.;NIM88WJR7TX;10;383
Steven;Church;pede.nunc.sed@aol.couk;P.O. Box 793, 9196 Mollis St.;BHG65FTX5BW;11;384
Cassandra;Buckley;phasellus@outlook.org;Ap #658-9665 Tempor Road;ZJP21RQF9CA;11;385
Edward;Chan;quisque.nonummy@google.org;2179 Sem Avenue;DJM32HSL3VG;19;386
Marah;Bennett;nibh.donec.est@yahoo.net;627-7213 Turpis St.;FZZ47OFE8OW;14;387
Acton;Turner;egestas.rhoncus@google.com;P.O. Box 376, 4095 Hendrerit Av.;ILO36DLI7HX;11;388
Rooney;Perkins;in.faucibus@google.org;308-2923 Cursus Rd.;GWI45JZS1UT;11;389
Zephania;Perkins;molestie@yahoo.ca;629-6978 Lorem, Ave;FRM17REY3HI;16;390
Isadora;Mckay;lacinia.mattis@aol.net;1520 Mollis Ave;VCP55GNB0SR;17;391
Hanna;Marquez;metus.in.nec@hotmail.org;P.O. Box 411, 1590 Fusce Rd.;LFH11FWH1DN;5;392
Harriet;Phillips;dui.semper@google.net;889-3937 Pharetra St.;WOE54NSR1HD;18;393
Kiara;Bowman;facilisis.non@protonmail.couk;503-2644 Nulla Av.;HRI93HFL8JC;7;394
Gavin;Nixon;et.ultrices@aol.couk;127-7796 At Rd.;SRY68JYT8JW;19;395
Rhoda;Hughes;augue.scelerisque.mollis@hotmail.edu;999-3896 Donec St.;RJI44SSL8KM;19;396
Patrick;Joyner;non@google.net;Ap #869-2812 Eget Ave;ENI47FFQ5BX;12;397
Jasper;O'donnell;sollicitudin.orci@hotmail.ca;7248 Penatibus Rd.;SLT15EFO8GM;14;398
Nissim;Merrill;ac.orci@protonmail.couk;Ap #568-9243 Magna. Avenue;ENO98BJQ1HM;1;399
Cecilia;Mcleod;nunc.sed.libero@aol.com;111-2431 Neque. Road;BCD13KHI3GU;3;400
Ciara;Moore;a.felis@protonmail.ca;P.O. Box 706, 2429 Aliquam St.;ACO65FIB3VX;3;401
May;Vazquez;sociis@icloud.ca;Ap #696-4881 Arcu. Avenue;GFY44RND4KC;12;402
Tanya;Kelly;fringilla@icloud.net;Ap #874-2871 Malesuada Street;VUG42NCK6QA;3;403
Jarrod;Sweeney;imperdiet.nec.leo@outlook.edu;748-8390 Amet St.;GVX69EHT6XI;4;404
Axel;Key;nec.metus.facilisis@yahoo.net;Ap #274-3807 Sapien. Av.;ICT56UVC5YT;16;405
Cadman;Camacho;sagittis.duis@hotmail.couk;450-9554 Penatibus Road;DYT27JEX1NM;16;406
Demetria;Parsons;ipsum.dolor.sit@icloud.net;851-839 Eros Rd.;EPX71PGM0IV;1;407
Ori;Farrell;nisl.quisque@aol.edu;2189 Semper Street;EUC24CFR2WY;19;408
Heather;Benjamin;mi.duis@outlook.edu;326-9174 Metus St.;DQT14OVR6YA;10;409
Raymond;Riley;donec.fringilla@yahoo.ca;223-3783 Magna. Rd.;POD17LON8AN;16;410
Bradley;Faulkner;cras.lorem@icloud.com;P.O. Box 618, 9973 Vestibulum Road;VHO56ZWY0WS;11;411
Ivana;Mcintyre;metus.in.lorem@hotmail.ca;P.O. Box 498, 4788 Tincidunt Avenue;EFD03OBQ6VJ;16;412
Holmes;Casey;metus.vivamus@outlook.net;736-3522 Aliquam Av.;XGW61IEB2VG;16;413
Tanek;Goff;donec@icloud.couk;132-2007 Nunc St.;BHQ85JQH2FG;5;414
Hannah;Hester;metus.facilisis@icloud.couk;P.O. Box 951, 8343 Donec Avenue;QEC72JSL6XK;9;415
Ocean;Tate;vitae.odio.sagittis@hotmail.couk;297-5966 Lectus Avenue;WFC49JMZ7RM;3;416
Jolene;Callahan;id.ante@hotmail.org;4775 Erat. Rd.;ZDM27DPL5OU;1;417
Hope;Schwartz;nec.mauris@google.edu;8126 Proin Rd.;HDP13NHH4WD;11;418
Giselle;Gordon;ac@hotmail.ca;895-2727 Ornare, Street;VXI76QZT5QO;6;419
Leigh;Delacruz;mauris.ut@protonmail.edu;2077 Suspendisse Rd.;LJH54QYX8JN;10;420
Vernon;Cardenas;aliquam@hotmail.com;Ap #937-427 Vel Rd.;TBU85JVF4NB;9;421
Marshall;House;eu.neque@icloud.net;802-2923 Malesuada Street;AMW84DLX6DL;13;422
Jolene;Edwards;penatibus.et@google.org;P.O. Box 250, 5304 A St.;NMG49UPP3CY;2;423
Roth;Foreman;metus@outlook.net;4634 Felis Ave;MFJ21XPC5DI;2;424
Perry;Maynard;egestas@google.ca;Ap #441-8664 Feugiat Street;WYH85BWG5TC;19;425
Calista;Barry;pede.et@outlook.net;858-9488 Sit St.;WTD74CIG7PL;11;426
Keelie;Spence;nulla.tempor@icloud.ca;5350 Et, Avenue;IRW18VOP9VR;1;427
Deacon;Shepard;pede.nunc.sed@yahoo.ca;842-4720 Nec Ave;DHJ20NHX1LB;17;428
Channing;Parsons;neque.morbi@google.couk;P.O. Box 638, 2996 Phasellus Rd.;PKO71ANV6RL;2;429
Deborah;Booker;nullam@hotmail.couk;5130 Habitant Street;XCF32CVO3MS;9;430
Dawn;Ortega;magnis.dis@protonmail.edu;Ap #780-7278 Mauris Rd.;RRW42KCV5VQ;16;431
Keaton;Kerr;nec@google.org;3150 Lectus St.;GLJ68PFX1JG;18;432
Doris;Moreno;sed@icloud.edu;Ap #889-8491 Integer St.;CEJ74GSQ0BM;2;433
Urielle;Mcdaniel;eleifend.nunc@outlook.ca;P.O. Box 347, 2055 Proin St.;JTJ75XWD4NA;12;434
Vance;Valenzuela;non.egestas@yahoo.ca;116-5873 Hendrerit Avenue;JUR28CKE1QY;4;435
Dale;Harmon;quam@icloud.com;515-5187 Nisl. St.;EKU35RGE1NF;5;436
Kylynn;Mays;gravida.aliquam@protonmail.com;P.O. Box 215, 2076 A St.;IUI36KEL1XL;7;437
Richard;Merritt;eros@google.com;P.O. Box 974, 3897 Mauris St.;EAY65YFQ3TM;4;438
Francis;Contreras;dui@outlook.edu;Ap #226-4739 Quam St.;UYB57TDH3VI;17;439
Slade;Figueroa;ligula.tortor@hotmail.edu;380-9864 In Rd.;KWS86WHJ2VB;13;440
Raja;Dotson;urna.justo.faucibus@yahoo.edu;Ap #625-7093 Ornare. St.;RIC79NFO0VN;13;441
Cedric;Griffin;phasellus.nulla.integer@google.ca;Ap #180-484 Blandit. St.;QCD82ASI1YG;3;442
Coby;Sykes;ligula.aliquam.erat@aol.com;Ap #105-3416 Nibh. Ave;NKW33IFL3EO;12;443
Sade;Douglas;egestas@aol.couk;792-9108 Nunc Rd.;JUF44MWT5SU;7;444
Kelly;Mathis;a@aol.ca;2905 Dignissim Street;VST39JNC0VO;17;445
Baxter;Rojas;laoreet@aol.edu;P.O. Box 379, 6173 Fermentum Rd.;OFR12BCF2KK;16;446
Bree;Lamb;tincidunt.neque@outlook.ca;Ap #123-4422 Et, St.;CBQ45GSE2KU;16;447
Brooke;Briggs;donec.at@aol.couk;P.O. Box 823, 2801 Fringilla Avenue;PZH38QBP1HX;9;448
Jolie;Savage;ligula.tortor.dictum@hotmail.com;Ap #485-1869 Fusce Rd.;ULY79BXJ6UI;18;449
Yolanda;Robertson;vitae@hotmail.ca;Ap #256-5417 Magna, St.;YHC20MZQ6MU;3;450
Chanda;Lambert;fermentum@hotmail.couk;483-4444 Nisi St.;VZT30UVQ9RF;11;451
Yeo;Griffith;fusce.dolor@aol.edu;P.O. Box 690, 460 Urna. Avenue;UFY54CNR1II;19;452
Drake;Maddox;dui.lectus@icloud.ca;9161 Sit Av.;LHY53TYE9NS;7;453
Kaitlin;Berg;nec.urna@aol.com;P.O. Box 586, 6214 Pellentesque St.;UBB95SXY0AB;3;454
Camilla;Herring;gravida@google.net;P.O. Box 170, 7097 Faucibus Ave;DGE84NVE1VS;18;455
Cassidy;Acevedo;aliquam.rutrum@icloud.edu;Ap #526-4969 Adipiscing. Avenue;JFR86KLL6DC;3;456
Shannon;Coleman;adipiscing.elit@yahoo.net;P.O. Box 335, 9496 Ultrices, Street;LTP19GQJ7FD;10;457
Kathleen;Warner;nibh.aliquam@aol.net;311-3378 Nunc Rd.;RLG97DVV7YP;17;458
Kennan;Park;nec@yahoo.ca;178-9448 Ac, Road;BXO86VMJ5YY;5;459
Rafael;Hinton;magna@yahoo.ca;578-2633 Metus Avenue;UJV04NWD1PP;9;460
Chloe;Wolf;arcu.vivamus.sit@protonmail.org;4234 Semper Av.;YTM24SYM4IQ;6;461
Carlos;Fuentes;fringilla.ornare@aol.edu;Ap #430-4341 Consequat Rd.;SVB68OBH3PH;16;462
Fitzgerald;Watkins;eget@google.com;2245 Curabitur Street;GZS56INT6AY;16;463
Ignatius;Barr;auctor.odio.a@yahoo.com;Ap #491-2479 Massa St.;ILR28IHS5NN;1;464
Meghan;Lloyd;pellentesque.ultricies@google.couk;913-2552 Libero Road;BTM12GKT3GV;19;465
Elijah;Snow;suscipit.est.ac@outlook.com;P.O. Box 735, 4739 Tincidunt St.;KVK38GST4PH;2;466
Desiree;Moss;egestas.a@google.edu;677-9824 Egestas. Rd.;VCD93BAM4JJ;12;467
Callie;Contreras;at.augue@outlook.org;Ap #270-1895 Aliquet Ave;LXP86ELK8EL;2;468
Burton;Buck;mi.aliquam@icloud.com;7958 Sagittis. Av.;HKA44OPW6HU;6;469
Elliott;Avila;penatibus.et@google.couk;P.O. Box 371, 8718 Nulla Road;RFA43SYK8JC;3;470
Oren;Beard;praesent.eu@aol.edu;501-5634 Nibh. Street;HTU12CNX7LF;17;471
Marvin;Durham;parturient@yahoo.couk;Ap #319-1951 Orci Ave;KMJ91SJG3TG;3;472
Zelenia;Dillard;non.arcu@yahoo.ca;948-832 Ipsum St.;DYX23BRJ2BH;6;473
Idola;Howe;dignissim.magna@google.ca;Ap #474-6945 Quam Road;WGS76DLG4MH;16;474
Brittany;Beck;aliquam.iaculis.lacus@hotmail.org;Ap #741-3225 Gravida. St.;EST12HUT7XT;17;475
Adrienne;Douglas;tempor.arcu@aol.net;Ap #572-6180 Ante Road;FVN49WCK7LQ;17;476
Flavia;Romero;phasellus.at.augue@protonmail.edu;6210 Dui. Ave;DVK81PQH0PQ;16;477
Keelie;Townsend;vel.nisl@outlook.ca;324 Dolor Street;EOI74SAF6PL;19;478
Rhonda;Lara;lobortis@hotmail.net;608-6426 Ut, St.;LLT42YPS9ZE;18;479
Quinn;Todd;risus.at@outlook.edu;Ap #472-6480 Ut Avenue;YAY64IYE3XB;7;480
Ethan;Stevenson;ante.iaculis@google.com;Ap #126-1183 Eu, St.;DAN14LKF2KT;12;481
Haviva;Clark;enim.sit.amet@hotmail.net;2256 Lacus Road;SPN15IWJ3GM;11;482
Jolie;Camacho;nec@google.edu;351-6091 Interdum. St.;HGU04WDZ7LS;12;483
Ryan;English;scelerisque.neque@aol.org;P.O. Box 883, 7206 Risus. St.;WVD27WIU1DC;14;484
Juliet;Cook;nullam.suscipit.est@outlook.couk;P.O. Box 154, 3942 Varius Av.;MXH40JRN3QU;19;485
Cade;Smith;sagittis.nullam@aol.org;402-6337 Lobortis Road;OKQ36UIO6YN;12;486
Debra;Koch;est.nunc.laoreet@aol.net;Ap #167-8849 Lorem Rd.;VPC14FGA8XM;16;487
Nevada;Hickman;convallis.ligula@icloud.edu;459-3143 Aliquam St.;UPI95KNU7JU;2;488
Maisie;Conrad;lorem.luctus@yahoo.ca;335-7672 Quam Rd.;TFI63SOV9GN;18;489
Alden;Hill;pede.cras.vulputate@icloud.couk;933-5019 Sociis Road;IDE18FKE4SA;1;490
Ross;Boyd;velit.quisque.varius@aol.com;4713 Enim. St.;PMC26MBT6VG;2;491
Dawn;Patterson;risus.odio@google.net;480-5076 Neque Ave;AXD45BJY1QJ;14;492
Florence;Mcmahon;purus.sapien@yahoo.com;436-5385 Et Ave;GLU75FEY8BP;4;493
Lenore;Stafford;cras.lorem@aol.edu;427-7333 Nibh. Av.;KTP88CHA3FT;17;494
Jasper;Roach;eget@icloud.couk;Ap #556-8381 Dis St.;IGH57LMI4IP;18;495
Jameson;Mccoy;fames.ac@hotmail.edu;Ap #145-7775 Rhoncus. Rd.;VKT42UZU7KH;7;496
Keith;Serrano;eget.venenatis@hotmail.org;5208 Mi, Ave;MXY93RGN0HJ;8;497
Grant;Barnes;erat.vitae@outlook.net;P.O. Box 583, 6362 Nec Rd.;EDS27WEC6CL;12;498
Lester;Houston;et.tristique@protonmail.couk;378-4065 Amet, Street;STV54NLR5HD;1;499
Burton;Lynch;pellentesque.habitant@google.couk;Ap #592-4098 Phasellus Street;GAH36XFS9KV;7;500
Galvin;Holden;elit.nulla@icloud.com;907-7151 Lacus. Street;IQJ14FFX8VN;17;501
Jonah;Vance;fames@icloud.org;Ap #131-9027 Convallis St.;DNJ77OED7IF;8;502
Anastasia;Atkins;pharetra.ut@protonmail.com;Ap #327-1248 Molestie St.;MPL77NCR4FJ;10;503
Roth;Dixon;nunc@google.ca;Ap #246-850 Amet, Road;IEU46YOH8XN;10;504
Rachel;Castillo;ac@icloud.edu;P.O. Box 143, 3374 Donec St.;WMV70TKS0QH;19;505
Phoebe;Hays;ut@hotmail.ca;9648 Lorem St.;QPR36ZRW0IP;13;506
Jackson;Booth;vivamus.non.lorem@hotmail.couk;627-724 Adipiscing Ave;JID58MFH4RD;1;507
Reece;Maxwell;fringilla.mi@protonmail.edu;Ap #940-6727 Sed Av.;MNO00RMS2WB;18;508
Lucius;Rollins;nulla.facilisi@protonmail.net;Ap #762-7304 Diam Street;EOI81YBZ3QL;3;509
Beau;Salinas;mauris@outlook.ca;Ap #683-355 Consectetuer Rd.;PGP32DUR3CG;13;510
Sydnee;Meyer;neque.sed@yahoo.edu;Ap #913-5921 Mauris. Avenue;MEY85MRD8HQ;13;511
Clark;Briggs;molestie@hotmail.ca;P.O. Box 532, 6766 Donec Road;GLD04WQW6QS;5;512
Kibo;Watts;et.arcu@outlook.ca;Ap #817-4274 Nullam Av.;HHP26MPK3PO;10;513
Inga;Berger;aliquam@icloud.net;685-7318 Nec, Street;GZS68RMU6IM;14;514
Chadwick;Stanley;velit.aliquam@protonmail.ca;Ap #376-7034 Non, St.;VOR18HSG5XC;14;515
Evangeline;Neal;in.ornare.sagittis@hotmail.com;P.O. Box 831, 4567 Lorem, Road;LCX48RJJ7OE;5;516
Skyler;Tate;mauris.magna@hotmail.ca;P.O. Box 913, 9027 Ipsum St.;IWO55YXG4MG;18;517
Nathan;Long;lorem.ipsum@protonmail.org;940-5104 Ligula. St.;YMK71DMB3KR;2;518
Colt;Riggs;aliquet.magna@yahoo.net;Ap #105-1997 Mauris Rd.;KGV54WAC2FD;1;519
Aileen;Roberson;elit.pharetra@icloud.ca;781-1729 Dolor. St.;HRQ21IVH3CJ;8;520
Keith;Snow;neque.morbi.quis@google.edu;440-3521 Mi Rd.;FMF86PNI4LD;16;521
Clayton;Ingram;felis.orci@protonmail.org;504-8924 Dui, Avenue;PVB11UZV0QT;16;522
Kai;Cantu;vitae.sodales@outlook.edu;742-7571 Malesuada Rd.;AJS15QGQ7RX;16;523
Faith;Lawson;lobortis.class@yahoo.ca;P.O. Box 842, 2884 Eros. Rd.;SYU11LTT4DN;16;524
Kuame;Mccoy;rhoncus.nullam.velit@protonmail.org;Ap #402-4789 Nec, Street;HHQ66KVO6YR;5;525
Adrienne;Garcia;curabitur.egestas@protonmail.org;4291 Semper Av.;FDB74EMS1JC;13;526
Eugenia;Reeves;eget@yahoo.couk;4105 Nullam Rd.;MXM61UCH4CD;14;527
Brody;Middleton;eu.dolor@google.net;P.O. Box 904, 4062 Sem Street;CXR04VYV2YL;3;528
Orlando;England;ut.sem.nulla@yahoo.edu;P.O. Box 305, 2064 Neque St.;DOX64DCJ4PF;7;529
Beck;Newton;consectetuer.adipiscing.elit@google.net;Ap #659-6677 Duis Avenue;FHM91YMM1WU;10;530
Lee;Ferrell;massa.integer@outlook.org;P.O. Box 127, 5253 Donec Road;OTO06ZZS1KU;18;531
Audra;Garcia;nonummy.fusce@outlook.ca;Ap #517-9248 Et St.;PJY26SMK1BE;9;532
Nathaniel;Roberts;eleifend@hotmail.ca;840-7375 Aliquam St.;HWH33SUU0SM;17;533
Jacob;Johnston;proin.non@hotmail.net;Ap #341-1280 Risus Street;CHE75OQX5UM;14;534
Ivan;Duke;nunc@google.net;Ap #952-9306 Tempus St.;FFO76OWD1TO;5;535
Gay;Nicholson;elit.curabitur@aol.couk;P.O. Box 845, 7725 Amet, Av.;GBQ40CTL8ZX;2;536
Tucker;Giles;aenean.euismod@outlook.net;P.O. Box 880, 515 Mi St.;BLP18JWU6VK;14;537
Dolan;Baxter;eros.proin@outlook.edu;Ap #867-9994 Et Av.;PTG61WVP2OG;11;538
Gil;Howard;auctor.quis.tristique@icloud.ca;Ap #605-4655 A Rd.;PXU03ZCI5LO;6;539
Shay;Castaneda;felis.nulla@protonmail.org;680-7481 Id, St.;HTY89RAK1EL;1;540
Ursula;Castro;in@icloud.couk;P.O. Box 554, 9904 Metus. St.;DRP56DCZ5PU;9;541
Cassidy;Griffin;dis.parturient@hotmail.com;7226 Nulla Rd.;LQN21CXQ8OK;14;542
Jescie;Burch;donec@protonmail.net;P.O. Box 680, 7766 Mi. St.;OTO95TQG6LG;17;543
Timothy;Dixon;a.facilisis@yahoo.org;P.O. Box 509, 3968 Consequat St.;BCS33IRK6UY;3;544
Linus;Mckenzie;velit.cras.lorem@yahoo.ca;708-1134 Nibh Street;BVL70LNM1BP;17;545
Daquan;Jensen;et.ipsum@google.org;149-4951 Lorem, Av.;KCH61FDT8PQ;18;546
Cole;Whitney;nibh.quisque@hotmail.couk;383-1838 At Road;DJL56OLS6QO;6;547
Regina;Riddle;adipiscing.elit@icloud.edu;Ap #181-1126 Vitae Avenue;PAI62POT2YD;1;548
Emmanuel;Lewis;felis.eget@outlook.com;409-9095 Ornare. St.;NIZ71GKB4UU;5;549
Coby;Rivers;felis.nulla@icloud.com;Ap #469-7357 Vitae St.;VOY09GQL6SR;5;550
Nyssa;Mckee;magna@outlook.edu;7740 Vitae St.;WLD35MKD8LN;19;551
Clementine;Bernard;facilisis.non@icloud.org;Ap #509-5796 Neque. Rd.;OSW65EEC3HH;7;552
Magee;Mcgee;et.ipsum@google.com;Ap #881-3928 Vivamus Ave;DRF71STM3CC;5;553
Alika;Walsh;elit@aol.com;6627 In Rd.;LLG47FXC2JO;19;554
Quyn;Cabrera;quam.vel@hotmail.edu;Ap #285-5104 Aliquam Street;UOS43TIA3KS;8;555
Dawn;Valentine;luctus.lobortis@aol.net;P.O. Box 931, 6796 Vehicula Rd.;NBL57TWO0JJ;6;556
Brittany;Carrillo;rutrum.non@icloud.edu;848-6159 Nec, Rd.;CGT64TUP1GD;2;557
Leila;Richard;quam@yahoo.com;Ap #614-9275 Tincidunt Avenue;YFB51KKK3PE;13;558
Jemima;Massey;dolor.donec@outlook.edu;3588 Faucibus. Street;OIE56UYO7BP;9;559
Tatiana;Cline;cursus.diam.at@aol.edu;6574 Posuere Road;JFW54LSM9FG;8;560
Megan;Glass;est.vitae.sodales@protonmail.edu;3131 Laoreet Road;OJH09WCN3NI;3;561
Brock;Carr;volutpat.nulla.dignissim@hotmail.org;Ap #617-4642 Risus Ave;XTS42LJY7DW;1;562
Quinlan;Gould;orci.consectetuer@protonmail.net;Ap #208-8584 Vestibulum Road;KKS98GPH5XI;9;563
Dalton;Marquez;quis@aol.org;Ap #532-3954 Vel Rd.;PMF19RBO0JR;12;564
Destiny;Browning;consectetuer@yahoo.net;294-6392 Elit, Rd.;HBI74SKQ8RO;3;565
Garrett;Wilkins;nam.interdum.enim@yahoo.com;520-5304 Ante Road;CMU16SXG8VI;8;566
Jael;Shaw;fermentum.metus.aenean@hotmail.net;986-1073 Massa Street;GJC59RVF6LA;11;567
Ralph;Hamilton;non@outlook.net;P.O. Box 386, 5596 Sodales Rd.;QPJ75JQT6MK;12;568
Brianna;Keller;proin@yahoo.net;Ap #140-8928 Ipsum. Street;ODH82QPQ7MR;2;569
Roanna;Marquez;mauris.aliquam@yahoo.ca;462-5336 Molestie Rd.;ZJT32EYW7IO;11;570
Willow;Skinner;elit.curabitur@icloud.org;P.O. Box 247, 1981 Eget Ave;PDY40CHH2DV;11;571
Boris;Huber;dignissim.maecenas@google.edu;Ap #129-8852 Donec St.;KOB25WPN2UY;13;572
Ezekiel;George;sodales.elit.erat@hotmail.com;Ap #231-2838 Mi Rd.;NHS81ORO6DN;19;573
Timon;Mason;pede.nonummy.ut@aol.com;P.O. Box 105, 4157 Duis Avenue;EVO56FFX8BH;2;574
Kai;Chang;malesuada.fringilla@outlook.edu;Ap #205-685 Elit St.;CSA51BGO0RK;10;575
Walker;Tanner;ullamcorper.viverra@aol.org;625-1828 Sit Street;VHE02OHZ7XS;10;576
Grant;Gallagher;at.egestas@icloud.couk;Ap #548-185 Suscipit Road;EPV75DSH6CU;13;577
Yetta;Lewis;luctus.felis.purus@aol.edu;P.O. Box 604, 6031 Turpis. Rd.;NCB59SQG2GR;5;578
Dawn;Joyce;senectus.et@google.ca;156 Tempor Av.;WSW33UXI7GB;13;579
Rigel;Weiss;sed.auctor@yahoo.org;2956 Tellus St.;SOH49HXN7ED;3;580
Kevyn;Baldwin;purus.gravida@outlook.com;P.O. Box 537, 6697 Vitae Rd.;TJN65KGP6JM;19;581
Byron;Bartlett;aliquam@hotmail.couk;P.O. Box 333, 3939 Suspendisse Avenue;FDE56KTK2VJ;5;582
Ima;Pearson;magna@protonmail.ca;Ap #801-2445 Ipsum. Rd.;RWL52WAA7FC;7;583
Scott;Wilkinson;purus.mauris@yahoo.couk;9174 Dictum Road;PAE86LPJ6EY;7;584
Magee;Alvarado;in.nec.orci@protonmail.net;Ap #941-6598 Curabitur Street;ISM66VTI3MH;4;585
Caldwell;Reyes;ipsum@hotmail.couk;Ap #568-935 Placerat St.;ENP78VWD6DP;11;586
Cameron;Crosby;pharetra@hotmail.couk;Ap #113-8448 Euismod Rd.;KNX28SIW1OG;18;587
Rahim;Boone;congue.in@aol.couk;P.O. Box 474, 5362 Rhoncus Road;HOQ22TCS7TO;11;588
Orson;Taylor;tempor.arcu@aol.com;4303 Pede Road;OWI34AXF1CX;5;589
Fallon;Park;in.sodales.elit@icloud.net;P.O. Box 557, 3683 Auctor St.;CYM59WZJ8SV;9;590
Thor;Klein;mauris@aol.org;170-6183 Egestas Ave;DTU44TNS8MD;18;591
Jamalia;Alston;nibh@hotmail.edu;279-976 A St.;DZP88KZA2TC;11;592
Ebony;Kirkland;sed@outlook.ca;Ap #641-3503 Aliquam St.;GDO91CYM1CT;18;593
Hannah;Stark;lectus.ante@yahoo.couk;625-4147 Feugiat Av.;PUC55CBU9LN;8;594
John;Wright;imperdiet.non.vestibulum@hotmail.org;3452 Eget Avenue;JAH63RLB2HQ;19;595
Seth;Nash;odio.vel.est@aol.edu;3006 Consectetuer Rd.;RGC45TRQ7PT;6;596
Chaim;Velasquez;in.lobortis@outlook.couk;707-5881 Dui, Avenue;VXQ41SQS5TD;7;597
Sheila;Jordan;arcu@icloud.couk;5579 Gravida Rd.;HPL30TDR9QH;19;598
Merritt;Terrell;quis.pede@google.couk;Ap #431-4287 Enim. Avenue;TFD35VTT8VZ;6;599
Deborah;Potter;mollis.nec@protonmail.ca;151-5514 Eu, Av.;PZW10UKG4US;19;600
Wesley;Massey;nullam.lobortis@google.couk;4877 Imperdiet Ave;PCP53AGN1QL;4;601
Madison;Ewing;arcu.ac.orci@hotmail.net;412-9908 Purus. Street;ZQV66IIA3KC;13;602
Rogan;Washington;nunc.nulla@protonmail.ca;538-7822 Quisque Street;REJ87JWS1KW;3;603
Chandler;Holmes;consectetuer.adipiscing.elit@aol.org;753-2253 Feugiat St.;SXJ45BBI9TT;13;604
Ferris;Mckinney;tempor.erat.neque@aol.net;Ap #830-5690 Interdum Street;FFX04UDC5ZE;2;605
Sage;Ray;turpis.vitae@google.ca;843-1650 Amet Av.;VWC66VLJ2OQ;14;606
Gavin;Cannon;odio.auctor@outlook.edu;177-8282 Ut St.;KKY34NUI6IC;1;607
Isadora;Peters;neque.non@icloud.couk;789-141 Fusce Ave;SVG62CMY8UR;11;608
Honorato;Stevens;id.erat@protonmail.edu;Ap #223-2274 Libero Road;VUL03OPH6KN;17;609
Drake;Hanson;diam.luctus@google.com;977-1760 Gravida. Avenue;JCX58WEU4LK;5;610
Winter;Rush;nec.mollis@outlook.com;Ap #935-4422 Sem Av.;VGO69MVG3FI;4;611
Pandora;York;consequat.dolor@protonmail.com;7499 Tempus Road;LZV55ZCV8KT;11;612
Kato;Conway;ligula.aenean@google.com;5578 Etiam Ave;VTO27GIG1HS;13;613
Odette;Underwood;elit@yahoo.ca;Ap #707-1142 Ut Avenue;UJK25IXQ3XW;16;614
Jacob;Flowers;aenean.egestas.hendrerit@yahoo.com;Ap #142-1139 Penatibus Rd.;WEB26MIN7ER;19;615
Merritt;Austin;integer.id.magna@aol.com;Ap #345-3346 Vitae Street;DUI02ILG0RU;1;616
Dacey;Petty;a.neque.nullam@protonmail.com;119-5148 Nulla Rd.;XWG84ZEZ9IT;4;617
Debra;Fitzgerald;nullam@hotmail.couk;P.O. Box 406, 1388 Aenean Avenue;QNG11LAH0ZX;14;618
Honorato;Smith;aliquet.odio@google.org;385-1354 Felis. Street;NYC99QIW6DM;12;619
Chaney;Wallace;et.tristique.pellentesque@outlook.net;1706 Nibh. Avenue;GYU54FPD3PD;8;620
Cade;Bowman;curae.phasellus@aol.couk;477-1074 Convallis Rd.;YKQ78QNF3PB;12;621
Ishmael;Garza;arcu@icloud.net;Ap #574-5237 Arcu Road;ICN84UVJ1WP;12;622
Brenda;Stewart;gravida.mauris@aol.com;3227 A, Rd.;GFW25OQT1JW;16;623
Evelyn;Newton;interdum@aol.couk;P.O. Box 552, 7908 Nisl Av.;VTJ68MRI6QT;4;624
Buffy;Farrell;consequat.dolor.vitae@hotmail.net;743-2459 Montes, Ave;OSI28APL2FH;5;625
Stuart;Paul;enim@hotmail.org;894-5300 Accumsan St.;JXH35MRN5EU;16;626
Lacey;Barlow;rhoncus.nullam@aol.ca;614-1418 Iaculis Avenue;XVR21NFR1EK;2;627
Kieran;Yates;sit.amet@protonmail.org;127-2698 Nibh. Avenue;KKD85VXN7TN;3;628
Burton;Hardy;nonummy.ipsum@aol.ca;663-1664 Nisl. St.;AMM07QLY8EL;8;629
Arden;Pittman;tristique.pharetra@hotmail.ca;3809 Id, Street;TEA72HBD6TM;16;630
Yael;Gutierrez;cursus.et.magna@hotmail.edu;196-3288 Pharetra, Avenue;SIL85JMO8PX;12;631
Ali;Patrick;euismod.mauris@icloud.net;P.O. Box 381, 2000 Eget Av.;BBL33HOS2TU;5;632
Arden;Vance;feugiat.sed@aol.org;285-1553 Feugiat Ave;SHC02PSR6IE;13;633
Sandra;Harper;dui.fusce.diam@google.couk;P.O. Box 530, 1702 Mattis St.;QKU80SHH9YB;19;634
Carter;Mosley;lorem.luctus@icloud.edu;1782 Convallis Ave;PVL87PWS8IL;14;635
Hammett;Rush;amet.luctus@yahoo.org;Ap #544-2684 Amet Rd.;HWA28DXM8MR;1;636
Gemma;Schroeder;ornare.in@yahoo.org;928 Donec Ave;DGP86AUW1LG;11;637
Serina;Pate;dolor.sit@hotmail.ca;432-3514 Sed Ave;BJJ86QYC6JD;9;638
Nigel;English;facilisis.eget@icloud.net;Ap #965-2473 Mauris Rd.;ODF62ZSI6AI;16;639
Orla;Horn;quam@outlook.net;Ap #796-1183 A Road;BJX58TFM4TO;14;640
Amos;Blanchard;nisl@icloud.ca;Ap #863-8182 Vel Street;XJL76BJA5PM;17;641
Samson;Lynn;in.scelerisque.scelerisque@icloud.org;P.O. Box 659, 9302 Nec, Rd.;TUP66EEC9OG;11;642
Hamilton;Conway;elit.fermentum.risus@yahoo.org;371 Eu Road;VWG72BXV2WW;2;643
Harrison;Hall;purus.in.molestie@icloud.com;948-2596 Imperdiet Rd.;LAQ84UXF8JP;16;644
Hyacinth;Sloan;cursus.luctus@aol.org;Ap #394-4486 Ullamcorper Road;BKT82HGL6LO;4;645
Kylie;Johnston;lacus.mauris@aol.org;P.O. Box 701, 1722 Est, Ave;CVQ15ZKF1KU;6;646
Kathleen;Brewer;et@icloud.couk;Ap #476-1959 Tempor, Road;SUI55DII7SH;19;647
Chase;Oneil;non@google.net;Ap #867-2878 Rutrum Avenue;IMQ32QUC6IY;16;648
Solomon;Atkins;in.faucibus@yahoo.couk;913-3589 Diam Rd.;PIV29NOM4UF;13;649
Macon;Kaufman;et@protonmail.org;Ap #407-567 Diam. St.;VFP55JEK3YG;19;650
Benjamin;Reeves;sed@protonmail.edu;233-1854 Velit. Rd.;RBS88YZG4HE;19;651
Pascale;Murphy;quis.arcu@google.couk;Ap #559-5653 Quis Road;PPC88LKU8WB;14;652
Brock;Neal;nec.enim.nunc@hotmail.org;456-917 In Avenue;WND57EDM6GP;8;653
Moses;Morton;rhoncus@hotmail.couk;697-2204 Molestie. St.;JLF05RKY5VM;9;654
Allen;Mcconnell;ipsum.suspendisse.sagittis@google.ca;Ap #991-9352 Lorem Av.;FGZ07AQR3UH;18;655
Indigo;Mccall;a.neque.nullam@aol.edu;829-5080 Ante St.;REJ53XTV4WR;14;656
Chastity;Smith;rutrum.urna@icloud.couk;7242 Consectetuer Avenue;KEN08EGL8QP;7;657
Gabriel;Harmon;a.neque.nullam@protonmail.edu;8789 Et Road;MKG83YKJ3DR;8;658
Scarlett;Compton;id.magna@protonmail.couk;9000 Non, Rd.;VMC07ARV1KH;17;659
Lars;Hill;ultricies.ornare@yahoo.ca;839-9380 Eu Rd.;QTG10JFF7QS;8;660
Hope;Maxwell;condimentum@protonmail.couk;997-7606 At Rd.;NPD00BWE4GC;17;661
Carl;Holmes;nulla@protonmail.org;P.O. Box 289, 3298 Egestas St.;ULM46CES6OS;7;662
Fitzgerald;Nichols;gravida.mauris@hotmail.net;197-4161 Cras St.;XMS13XVK3VO;14;663
Latifah;Sexton;porta@yahoo.couk;4736 Lectus Ave;GJC91HDS1QY;9;664
Wesley;Rice;nunc.ac@icloud.com;7733 Tellus Av.;TZU54EWZ0SJ;6;665
Bruno;Berg;elit.a.feugiat@hotmail.org;Ap #783-4648 Elit. Avenue;VPK47VKC8SX;2;666
Clio;Parks;semper.erat@aol.couk;5544 A Road;NDI48ALM3MO;6;667
Judith;Woodward;scelerisque.neque@hotmail.org;785-6060 Blandit Av.;EXF63BIV6DX;5;668
Rashad;Best;suspendisse.sed.dolor@yahoo.couk;233-2406 Quisque Street;THQ53EMA6OB;7;669
Melanie;Franks;lectus@hotmail.com;Ap #335-8598 Neque. Ave;XTI77HBC0PJ;2;670
Henry;Hoover;in.molestie@aol.net;Ap #577-2786 Et Rd.;WVQ63JDD4MQ;16;671
Buffy;Burke;libero.integer@protonmail.couk;7657 Est, Av.;VDN76CXB2XS;11;672
Justina;Knowles;dapibus@yahoo.com;527 Lorem Rd.;KOM52ICI1IY;4;673
Alden;Finley;iaculis@outlook.net;8368 Libero. Street;BRP13QEL3HQ;8;674
Elton;Moore;accumsan.sed@google.org;471-1771 In Ave;BQT47WNR2GX;19;675
Briar;Franco;non.enim@google.edu;Ap #934-4670 Quisque Road;NVU41ESO2NK;6;676
Orli;Fields;libero.integer.in@icloud.net;P.O. Box 299, 3088 Ridiculus Ave;TWL71YGV1IX;4;677
Maite;Pruitt;lacinia@protonmail.com;789-9353 Pretium Avenue;XCG64CQH6EM;2;678
Driscoll;Weaver;nec@google.com;5760 Ut Street;JEL38TFP4PC;12;679
Cathleen;Reilly;tincidunt.donec@yahoo.net;628-8927 Euismod Rd.;ZJR21WUL7VT;16;680
Gemma;Holder;ut.lacus@protonmail.edu;P.O. Box 323, 2252 Cubilia St.;FWB15KOI6BJ;14;681
Steel;Dominguez;mauris@protonmail.net;144-2343 In St.;UPC98OUL8PJ;14;682
Robert;Bonner;dui@yahoo.com;Ap #372-2805 Praesent Street;UDP76ANP3DI;1;683
Yuli;Mclean;quam.elementum@protonmail.com;3241 Neque Av.;MCW69WJY4PL;11;684
Barclay;Byrd;ipsum.leo@yahoo.edu;508-7795 Augue Av.;WUD21FQR8SM;10;685
Jackson;Osborne;malesuada@icloud.org;8583 Curabitur Avenue;VPQ62DFT4VI;5;686
Matthew;Solomon;sapien.molestie.orci@protonmail.edu;Ap #848-1243 Pretium Ave;QZE72UTE8TD;7;687
Brenna;Oneal;dui.suspendisse@aol.org;Ap #795-4326 Non, Ave;PMP98FCM7TV;3;688
Armand;Lang;dolor.dolor.tempus@protonmail.com;P.O. Box 124, 6615 Mollis. Rd.;JDK77HXS6IB;14;689
Hadley;Bernard;ultrices.posuere@aol.ca;394-6641 Duis Rd.;VQI68FHN2KN;6;690
Troy;Rasmussen;ante.nunc.mauris@google.ca;Ap #809-6965 Sed Avenue;KHA55HKR1YI;18;691
Clark;Moses;aliquet.sem.ut@outlook.edu;388-2359 Fames Ave;BTK85NYL6FC;10;692
Raphael;English;dis@yahoo.ca;403-4544 In Road;WMJ43XXO5VX;2;693
Maggie;Freeman;risus@aol.net;149-4179 Aliquet Rd.;NKO81VRG2TH;6;694
Simon;Burch;libero@yahoo.org;Ap #583-1240 Velit. Ave;GGS51CAD1XN;14;695
Aladdin;Mann;lobortis.risus@aol.com;472-1398 In Street;SKW44RND1CR;10;696
Dominic;Ray;a.aliquet@protonmail.couk;Ap #151-5516 Non, Street;WAQ31VVQ4PK;5;697
Myra;Olson;in.ornare@yahoo.com;Ap #675-3312 Arcu. Rd.;APZ74DNO8ZY;16;698
Pandora;Harper;mauris.ut@hotmail.couk;Ap #797-1984 Donec Street;PVL62OTV0FM;16;699
Galvin;Sandoval;facilisis.vitae@icloud.ca;722-6749 Nunc Av.;RYU00QPL1HH;17;700
Lydia;Conrad;nunc.pulvinar@icloud.couk;Ap #426-2284 Nec St.;WIJ54OQS0LT;8;701
Britanni;Erickson;nec.urna@aol.ca;3844 Sed Ave;BKM25TLL2NU;6;702
Ava;Todd;sed.eu.eros@protonmail.org;Ap #732-3612 Cubilia St.;UCU55SBH9SQ;16;703
Lane;Fernandez;diam.proin@icloud.ca;212 Varius Av.;VYT23ZBF7AC;16;704
Madonna;Rasmussen;suspendisse@google.couk;8651 Donec Rd.;PSF85OPL5XL;6;705
Destiny;Peck;vel.turpis@icloud.org;Ap #528-6278 Mauris. Ave;QXD44HDG3UD;13;706
Dillon;Schwartz;sit.amet.massa@icloud.couk;5351 Ipsum Ave;FRQ70XXK1GH;8;707
Arsenio;Vaughn;sem.elit@aol.edu;Ap #920-7485 Nec Rd.;PRK47NOX5WX;2;708
Finn;Mason;et.arcu.imperdiet@icloud.com;668-5628 Curabitur Ave;TQT47YXY2FV;8;709
Ciara;Glenn;dolor@hotmail.edu;P.O. Box 591, 428 Ac Ave;IJQ83CKE2FM;11;710
Nigel;Guerra;cursus@yahoo.couk;Ap #345-290 Cursus. Street;SEH35ZIH2EL;17;711
Marah;Lindsay;aliquet.metus.urna@aol.com;3587 Eleifend Ave;WBV53OVR7XX;14;712
Carlos;Gilliam;sollicitudin.orci.sem@google.edu;Ap #519-3995 Pellentesque Ave;DCP14BMJ5XN;11;713
Dara;Mcknight;proin.velit.sed@outlook.com;Ap #781-6017 Dolor. Ave;DZG35JYK4GR;3;714
Brenna;Franco;nunc.est@outlook.edu;Ap #757-8998 Quis Ave;DUK61XBP7EA;18;715
Hyatt;Anderson;a.arcu.sed@google.ca;5159 Egestas Road;XPP70CPZ8EV;10;716
Lenore;Conrad;enim.consequat@hotmail.net;8519 Eu Av.;JVI78VIY7JL;14;717
Priscilla;Boyle;lacus.quisque.purus@icloud.net;Ap #537-5922 Varius Rd.;UTG30DPE7LN;18;718
Zahir;Rush;et@protonmail.edu;P.O. Box 165, 6550 Eu, Ave;WMT83LCH8CP;10;719
Mollie;Austin;nulla.ante@outlook.couk;Ap #336-5988 Arcu. St.;EFE52CUF8GQ;3;720
Hall;Cherry;quam@hotmail.net;6854 Sed Ave;VHI36DNC4RU;19;721
Justina;Meyers;amet@outlook.org;P.O. Box 835, 9412 A Street;AJO79RFM1QV;18;722
Vladimir;Kramer;proin.vel@google.org;352-1449 Ipsum Rd.;SUK63WPV3HQ;9;723
Matthew;Mckenzie;sollicitudin.adipiscing@yahoo.com;3238 Morbi Avenue;GIZ50FSG3KJ;4;724
Bruce;Talley;eleifend.nec@yahoo.com;3733 Scelerisque, St.;IEI46YDK4LS;17;725
Basil;Franco;dui@yahoo.couk;314-7238 Id, Av.;NKO48PFW4PT;2;726
Anika;Kline;dictum.cursus.nunc@yahoo.ca;P.O. Box 803, 6657 At Ave;DZD61QCM2HG;16;727
Alea;Nielsen;fusce.mollis@hotmail.couk;Ap #559-3273 Dolor, Avenue;GNE87XFA5KL;6;728
Pandora;Briggs;ligula.nullam@hotmail.ca;522-3020 Ante St.;NTD71GCY8KQ;10;729
Chancellor;Dotson;eget@outlook.org;401-6433 Phasellus Av.;EQY57CUQ2UB;14;730
Sade;Blevins;consequat.dolor@icloud.net;Ap #800-3257 Dignissim Av.;OCK85CNI5MY;13;731
Hamilton;Wood;amet@hotmail.ca;954-4629 Lacus. Avenue;OJU48XXK7UM;18;732
Dominic;Hanson;quis.diam@icloud.com;Ap #405-9970 Elit. Road;WST28HEP1SV;12;733
Selma;Noble;lorem@outlook.edu;Ap #934-1213 Ornare Avenue;LHU39OPK2IO;8;734
Lev;Poole;quisque.varius@icloud.couk;5651 Ac Avenue;AVY82NHW4KS;12;735
Mufutau;Page;lacinia.vitae@icloud.edu;P.O. Box 994, 2743 Aliquam Road;IFP77GYO5YZ;13;736
Scott;Schwartz;fermentum.vel.mauris@outlook.couk;P.O. Box 133, 4574 Et Rd.;DCI52KMH8GD;18;737
Nomlanga;Massey;quisque.libero.lacus@google.edu;Ap #271-9524 Congue Rd.;SNU52COL7YB;2;738
Yoshi;Deleon;sit.amet@aol.edu;Ap #137-3261 Libero Rd.;XVB99MIM2XC;4;739
Destiny;Delacruz;pretium.et@protonmail.org;225-5437 Senectus St.;VPI11YSW1BF;3;740
Guinevere;Michael;sit.amet.diam@hotmail.net;Ap #300-4938 Tristique St.;VOT74MCD8NT;8;741
Megan;Mccall;sed.molestie@outlook.edu;Ap #780-5932 Congue Avenue;HRB57LHV2MM;8;742
Ezekiel;Dale;ridiculus.mus@hotmail.ca;Ap #971-6402 Duis Street;MIM04UKI9HD;10;743
Shaeleigh;Clements;consequat.lectus.sit@protonmail.ca;996-5402 Quisque St.;MKF16LXE1IB;9;744
Cailin;White;commodo@outlook.couk;503-6132 Integer Road;UOL92MMR5WH;10;745
Brynn;Francis;purus.gravida.sagittis@icloud.couk;199-953 Erat Road;CIT17NTY1GG;1;746
Rooney;Hayes;est.ac@icloud.net;Ap #638-2361 Tristique Av.;VGH82DLG8CU;16;747
Kato;Christensen;enim.curabitur.massa@yahoo.org;505-2327 Egestas. Rd.;CTC14CAL0WC;3;748
Flynn;Leon;ultrices.a.auctor@google.couk;931-5977 Lobortis St.;CQU88EIX4MQ;16;749
Shaeleigh;Valdez;vulputate.ullamcorper.magna@outlook.ca;Ap #227-6152 Velit. Av.;RXQ68RLU8VI;16;750
Kim;Delaney;morbi@google.net;340-9027 A Street;MPA42EIJ5HV;8;751
Quinn;Moon;euismod.et@protonmail.ca;3333 Aenean St.;JFR56YWE3TN;3;752
Reece;Woodward;sit.amet.ante@protonmail.com;P.O. Box 915, 7246 Consectetuer Rd.;RMF12HHD2KB;11;753
Nolan;Ball;vestibulum.ante.ipsum@outlook.edu;384-622 Nec St.;LAF45QFI8AT;16;754
Wing;Weeks;nec.tellus@icloud.com;Ap #184-1003 Dis Rd.;KQO32HCZ3XN;13;755
Isabelle;Rivera;nec@google.org;6899 Tincidunt, St.;QIS43IYK5QZ;7;756
Willow;Christensen;phasellus.elit@hotmail.com;151-952 Amet St.;LTH88OEP6HY;4;757
Macey;Hanson;orci@icloud.edu;1741 Fusce Ave;MSX35FWH8FF;11;758
Robin;Schwartz;ut@google.couk;7741 Arcu. St.;VVL43KXC0TE;14;759
Mannix;Delaney;donec.nibh@google.ca;896-5705 Cursus. Rd.;VPL67MVS2VF;19;760
Ferris;Wong;ipsum@google.couk;469-5968 Id, Street;FXL95DRD1JZ;2;761
Amery;Williamson;lacinia.sed@yahoo.com;137-4538 Cursus, St.;CVG19WIF7VF;3;762
Jenna;Webb;dis.parturient@protonmail.edu;Ap #679-7779 Purus Street;XHV71MHU3VY;3;763
Gay;Harding;nec.luctus@google.couk;Ap #459-2879 Felis Ave;FAA24MNP1NL;17;764
Raya;Davenport;taciti@hotmail.net;P.O. Box 423, 2069 Massa. Ave;PEH80GPT5QI;8;765
Jane;Kirkland;tincidunt@aol.edu;Ap #963-8788 Est. Rd.;WFG11JVC8UB;9;766
Odessa;Short;mi.aliquam@outlook.couk;3465 Sodales St.;EZY97XMU8LG;19;767
Avye;Decker;vitae.mauris@aol.ca;742-6433 Amet, Rd.;HAT67PPL1QC;8;768
Wesley;Kane;mauris.vestibulum@google.org;6323 Arcu. Avenue;MFB73BUD1LO;14;769
Jarrod;Barton;et.ultrices.posuere@icloud.edu;Ap #707-3172 Penatibus Road;PVT61HBL9RW;12;770
Angelica;Lara;sed.et.libero@protonmail.com;4731 Augue Road;KGM62NYL2QZ;3;771
Lars;Crawford;cras.vulputate.velit@yahoo.org;P.O. Box 872, 1485 Neque Avenue;MVG05SUR3DQ;7;772
Edan;Valenzuela;egestas.ligula@icloud.com;3994 Phasellus Street;XXI74WYV8RY;17;773
Uma;Cline;consequat@aol.com;P.O. Box 437, 8208 Nonummy. Ave;PDK44XKR8LN;7;774
Rina;Lopez;vitae@protonmail.net;P.O. Box 927, 8373 A Rd.;UIV40PQK3ZX;13;775
Jamalia;Schroeder;nec@outlook.com;764-5073 Interdum Av.;HIP54IOS9IK;17;776
Logan;Waters;sed.orci@outlook.com;P.O. Box 396, 9574 Purus. Road;GIL35EWZ1CC;19;777
Mara;Peck;tincidunt@hotmail.couk;Ap #188-2589 Morbi Av.;SZK65NYI3RB;5;778
Brianna;Cole;augue.malesuada@aol.org;Ap #771-2288 Ante. Street;OVA68LRR2PI;7;779
Porter;Whitehead;nunc.quis.arcu@icloud.org;262-9396 Lobortis. Avenue;LQK78OKG9IR;3;780
Nolan;Jordan;auctor.vitae@protonmail.org;6531 Tincidunt St.;BJQ06GXR6PJ;11;781
Aurelia;Alston;dolor.nulla.semper@protonmail.ca;679-9588 Suspendisse Av.;PTP20NRR2LE;16;782
Kennedy;Young;nostra@hotmail.net;815-2111 Dignissim Ave;EIX10WSS0PT;13;783
Dora;Garrison;in@outlook.edu;Ap #313-6145 Ridiculus Avenue;NIF74BYO7HW;2;784
Cameron;Lawrence;ipsum@hotmail.net;713-1862 Semper Rd.;KVT92IDR0HX;3;785
Quin;Dunlap;libero@aol.couk;1695 Sem St.;WEM21TTB5TR;8;786
Marsden;Porter;nunc.sed@hotmail.org;P.O. Box 523, 4206 Vel Ave;SEG37GVC9SI;11;787
Haley;Ware;euismod.ac@yahoo.couk;Ap #779-7400 Duis Avenue;LIH25YBC8SO;19;788
Hannah;Duffy;feugiat.nec.diam@hotmail.org;P.O. Box 477, 504 Nunc Street;FGT16JUO8QX;14;789
Micah;Ray;praesent.eu.dui@google.edu;Ap #119-2933 Cursus Road;XNB32DHW3SP;8;790
Ina;Owen;libero@outlook.ca;Ap #623-6940 Suspendisse Street;MJG93PCV3YP;5;791
Yoshi;Cannon;et.rutrum@google.edu;9510 A, Avenue;OKV86YTS2RL;11;792
Alexander;Cook;lacinia.at.iaculis@yahoo.org;5926 Donec Rd.;QUG29XWN6YZ;12;793
Patricia;Woodward;aenean.eget@outlook.ca;Ap #549-8863 Elementum Avenue;RTP44QHV7NQ;5;794
Leandra;Roach;sed.diam@hotmail.org;P.O. Box 158, 6476 Ipsum Ave;YRN88END7IO;17;795
Lilah;Colon;eget@hotmail.edu;995-5323 Scelerisque Ave;HGY42KRY4LW;5;796
Melyssa;Hahn;nisl@icloud.com;851-2676 Et Avenue;HVY79XNB3NS;13;797
Ebony;Mendez;turpis.aliquam.adipiscing@aol.edu;8829 Mattis Rd.;LVH20PPJ3IY;3;798
Nell;Marsh;eros.non.enim@yahoo.ca;557-3960 Cum Avenue;OXY46OGN8JJ;3;799
Stewart;Weaver;sem.molestie@protonmail.couk;P.O. Box 826, 7348 Etiam St.;LCP69ZUO7DI;2;800
Tatum;Weiss;libero.mauris.aliquam@hotmail.org;443-9346 Fames St.;YBO53OGY4JF;3;801
Kiara;Mejia;metus.urna@yahoo.edu;Ap #567-3085 Risus. Ave;CIH24ETF3AK;12;802
Tallulah;Wallace;ornare@outlook.ca;923-2743 In, Road;GJC84NPE3PL;17;803
Raya;Walls;accumsan.convallis@yahoo.edu;Ap #983-4136 Ut Road;ICK67UXP4LQ;1;804
Quinn;O'connor;aliquam.vulputate.ullamcorper@hotmail.org;Ap #721-2513 Morbi Rd.;DBX13IEV6RB;16;805
Galena;Holman;arcu@outlook.net;855-2030 Ac, Av.;UTY40LUC3HS;19;806
Tyler;Sullivan;vivamus@hotmail.ca;Ap #719-5746 Nec, Ave;RHD68MLG6CC;8;807
Kennedy;Holden;vitae@aol.net;9480 Bibendum Street;SYG25OVE1WB;16;808
Lance;Lancaster;mi.eleifend@aol.ca;P.O. Box 252, 7771 Non Ave;UTX91CKL7QI;10;809
Steven;Hartman;leo.morbi.neque@yahoo.edu;836-9385 Dis Street;LMJ52BVN5BJ;2;810
Ayanna;Buckley;odio.a@outlook.edu;5757 Augue Avenue;PED33TBI9QU;13;811
Cassady;Spencer;sit.amet.dapibus@google.com;Ap #990-820 Eros Road;TRC74BTV6QN;12;812
Jenette;Dean;leo.vivamus.nibh@outlook.net;Ap #519-2839 Duis Av.;XJU58OON1ZD;3;813
Orli;Wallace;dolor.dolor@icloud.org;6096 Adipiscing Avenue;FNM50PJG5WP;16;814
Jesse;Phelps;velit.in@outlook.ca;595-4480 Magna. Avenue;AOW55ZOP1GH;16;815
Knox;James;in.at@google.couk;Ap #762-3536 Leo. Avenue;UMF97ZUF1DY;17;816
Alan;Knight;adipiscing.ligula@hotmail.com;605-472 Eleifend Street;KCI51WVG8IY;1;817
Alyssa;Burks;porttitor@google.org;708-2325 Eleifend Rd.;NUJ35HYU2GQ;16;818
Orson;Perkins;elit.etiam.laoreet@yahoo.org;Ap #767-789 Sed Road;BGS73GSJ6RY;9;819
Magee;Hester;libero.donec.consectetuer@yahoo.edu;Ap #745-8643 Quis Rd.;VIP38RES1BD;18;820
Victoria;Parrish;semper.pretium.neque@protonmail.net;Ap #305-614 Suspendisse Rd.;ASY77FWT3LN;1;821
Jael;Sanchez;ipsum.dolor@outlook.ca;P.O. Box 607, 9778 Ornare, Street;NNT12RXQ5JS;11;822
Lana;Bentley;ullamcorper.nisl@aol.ca;9742 Scelerisque Street;CFI19WIY2LM;17;823
Yael;O'Neill;parturient.montes.nascetur@icloud.couk;P.O. Box 216, 1803 Ut Street;WRV96TKP8DR;19;824
Suki;Mercer;eu.enim.etiam@hotmail.org;Ap #102-603 Neque Street;AWH87QYO3SZ;7;825
Howard;Taylor;vitae.orci@yahoo.com;Ap #708-8284 Nulla Rd.;DMD88HHM9GZ;4;826
Lana;Oneal;sit@outlook.org;162-7619 Sed St.;WDX55MRC3GI;17;827
Grant;Hoffman;aliquet.diam.sed@protonmail.ca;941-186 Placerat. St.;BCS91CLP9IG;13;828
Xavier;Cameron;vel@hotmail.couk;995 Orci. Street;ROF21KLP2MB;16;829
Noelani;Newton;rutrum.magna@google.couk;4775 Rutrum Ave;WVH65EEG1LW;6;830
Lee;Hester;sed.turpis@protonmail.net;690-6395 Donec Rd.;YGP50AYW2WL;14;831
Skyler;Mclaughlin;suspendisse@outlook.net;420-5237 Eget Ave;VVF44TVX4KL;8;832
Brenda;Gibson;velit.aliquam@google.ca;P.O. Box 861, 8414 Elit, Rd.;CUQ18PWP1NW;6;833
Cassidy;Dominguez;a.mi@hotmail.com;822-2599 Mi Road;ORN94LOS4BX;5;834
Nelle;Reid;et.libero@icloud.couk;764-6490 Enim Ave;JJW40WIK8UR;14;835
Barrett;Barlow;ut.nulla@hotmail.couk;294-891 Cubilia Rd.;GTX81NYX9EO;8;836
Guy;Bartlett;ipsum@yahoo.com;Ap #532-5364 Nec, Ave;GZL88BHN4PO;10;837
Mara;Joyce;urna.suscipit@aol.com;P.O. Box 427, 5926 Consequat Rd.;VMS29JKU3FV;12;838
Demetria;Benson;fermentum@protonmail.couk;Ap #674-8151 Tempor Rd.;NAQ61OCX2KZ;19;839
Indigo;Langley;odio.etiam@hotmail.ca;6218 Nulla St.;XVL64XGK5FK;5;840
Amir;Hendricks;nunc@aol.net;Ap #635-531 Parturient Avenue;PJZ44DLV4CO;6;841
Karyn;Hughes;tempor.bibendum.donec@protonmail.couk;507-875 Dictum Rd.;DFG29BNT8FM;9;842
Byron;Ellison;varius.et@yahoo.net;426-9210 Interdum. St.;ODX53DON1UO;16;843
Arsenio;Estes;tellus.faucibus@protonmail.edu;Ap #404-9845 Etiam Street;FGF84SEE6CB;17;844
Quinn;Vargas;vehicula@aol.net;Ap #378-6716 Blandit Avenue;GWF10EMT1IL;19;845
Sharon;Dillon;curae.phasellus@outlook.org;Ap #297-2158 Turpis Road;XJL42CRJ6UV;9;846
Libby;Beasley;sed.facilisis@outlook.com;Ap #435-5697 Et Street;YFO26FOF9WB;1;847
Randall;Fernandez;curabitur.ut@google.net;Ap #228-4427 Pharetra St.;EVJ62NAO2GQ;12;848
Aaron;Woodward;in.molestie@icloud.ca;5657 Molestie St.;WIJ71JQT1HT;7;849
Karleigh;Lester;gravida@icloud.edu;Ap #192-2621 Nascetur Road;NJE82WNY2PB;13;850
Nina;Goodman;vivamus.nibh@icloud.com;980-6111 Aenean Avenue;VEG25RTF6LN;4;851
Dale;Leach;praesent.eu@yahoo.org;7011 Placerat Rd.;GSZ46RTX5IN;6;852
Xyla;Reed;turpis@protonmail.couk;Ap #962-9296 Egestas Rd.;ROA84KIL5XK;18;853
Lars;Herring;ipsum.dolor@protonmail.com;675-3348 Hendrerit Street;KQO04XXW4NW;16;854
Jordan;Horn;diam.vel@icloud.net;P.O. Box 538, 6153 Diam. Avenue;HYD32ETP5FG;3;855
Quon;Williams;blandit.viverra.donec@hotmail.edu;992-6497 Duis Ave;OEV22ENH4BK;3;856
Lamar;Poole;amet.luctus.vulputate@google.net;Ap #938-564 A Road;PCQ36TVS1ET;5;857
Whilemina;Crane;cursus@outlook.ca;578-1096 Cras Ave;ORF27QTD1DO;2;858
Madaline;Christian;tempor@google.couk;Ap #334-5643 Nisl Road;RQA83TKQ6QW;3;859
Winifred;Beasley;lacinia.at.iaculis@yahoo.com;682-6444 At St.;ITJ84KSJ7TB;1;860
Chaim;Tucker;donec.nibh.quisque@hotmail.couk;5627 Metus. Rd.;VVD29HPX2PZ;16;861
Justine;Mccarthy;a.arcu.sed@protonmail.net;550-6024 Vivamus St.;HCT32ZYW8XC;19;862
Irene;Byrd;ultrices@outlook.couk;Ap #575-8497 Lorem Ave;JPE74SEV6TK;19;863
Xantha;Pate;etiam.ligula.tortor@outlook.couk;P.O. Box 850, 1113 Amet St.;YSR94OFQ7FT;18;864
Chiquita;Cross;vestibulum@icloud.edu;Ap #470-361 Sed Street;HMW82MCQ9RZ;11;865
Tanisha;Cole;duis@aol.ca;7244 Molestie Avenue;BDS04VWX7PD;16;866
Madonna;Petersen;et.ipsum.cursus@hotmail.ca;P.O. Box 467, 1324 Justo Street;VTY27OWC1BH;3;867
Jeanette;Wilson;augue@outlook.net;585-7542 In Rd.;SAV36OQN1JM;16;868
Doris;Reilly;nam@aol.org;912 Porttitor Rd.;FOS85XXX8UL;11;869
Althea;Bray;risus.odio.auctor@yahoo.couk;Ap #230-3720 Sapien Ave;KQW73FCX5SY;8;870
Buckminster;Burns;vitae.posuere@google.com;285-6611 Amet Road;TDC07ARR1KF;13;871
Amaya;Sharp;dolor@google.com;Ap #737-3011 Sodales Av.;LLV22NYY1CS;6;872
Karina;Wall;maecenas@protonmail.com;Ap #265-4942 Condimentum. Street;JWE88GQO2TD;16;873
Tanya;Flores;lacus.varius@google.ca;Ap #691-5187 Donec Av.;TFP33JGG1WC;9;874
Avye;Lloyd;enim.nec@aol.couk;Ap #273-3728 Cras Avenue;TYF72YIN4TI;12;875
Hashim;Oneal;eget.ipsum.suspendisse@aol.org;Ap #614-5457 Est. Rd.;TQJ25UDS2FI;4;876
Hashim;Mckenzie;sit@icloud.org;Ap #612-4167 Dictum Ave;OTB31TOQ0UU;10;877
James;Hawkins;luctus.ipsum@google.com;Ap #597-4441 Mollis. Rd.;BFQ81WJH4KV;8;878
Nathaniel;Marshall;tincidunt.vehicula@icloud.com;2359 Orci, Rd.;RKY98CCC5YE;5;879
Knox;Reed;integer.mollis.integer@protonmail.ca;Ap #573-1775 Nisi. Street;OGB26VNQ9QI;18;880
Aileen;Vaughan;cras.vulputate@outlook.com;P.O. Box 580, 3608 Curabitur Rd.;LFE84KOZ2KX;14;881
Remedios;Tyson;eget@protonmail.com;9418 Praesent Av.;BQI50WPM5GP;14;882
Flynn;Ramirez;vivamus.rhoncus@hotmail.ca;Ap #595-2718 Pede Street;BHS99ETY7YT;10;883
Candace;Fry;ligula.eu@protonmail.org;186-4964 Donec Road;ZSQ50VFE8SC;9;884
Tana;Mccormick;in.tempus@hotmail.ca;862-8176 Laoreet Street;YWM83ZJX7DQ;4;885
Jarrod;Watts;fringilla.est@outlook.org;Ap #908-2110 Augue Rd.;KJV99OUC1HF;11;886
Bevis;Watts;mauris@aol.com;766 Urna St.;DHK62BJM6WB;17;887
Drew;Hurley;hendrerit.donec@protonmail.com;790-2812 Eget St.;ZEO46QBF5MW;2;888
Harlan;Herring;vitae@yahoo.com;P.O. Box 442, 7247 Ullamcorper, Av.;LRG36CMA2RL;8;889
Ria;Hensley;et.arcu@protonmail.ca;Ap #880-2181 Nulla Road;BOO11CDJ8KE;19;890
Trevor;Blevins;pede.blandit@google.edu;Ap #842-3664 Enim. Road;NRW33YQL8YN;13;891
Liberty;Callahan;eget.magna@yahoo.ca;728-4716 Auctor Av.;MWJ62CNF2KR;7;892
Beatrice;Price;diam.duis.mi@aol.net;686-973 Gravida Avenue;SGO34TLK5XI;13;893
Brynn;Nunez;eu.tempor@protonmail.couk;9926 Eu Av.;OWM65QNI6AL;9;894
Cleo;Richmond;lobortis.class.aptent@icloud.org;Ap #392-6677 Tellus. St.;CWY14ETB7DS;3;895
James;Mathis;lacus.quisque@google.com;266-9181 Elit. Ave;CPN31SPH6BE;4;896
Grant;Mitchell;nunc.sed@yahoo.couk;Ap #346-9955 Vel Street;FGK45QVY6MR;14;897
Castor;Stokes;eleifend.cras.sed@yahoo.com;950-4259 Feugiat. St.;DUE52BFI1BS;1;898
Anika;Dickerson;lorem@outlook.com;556-2986 Justo Rd.;FPV67XNX6GT;7;899
Ulric;Woodard;luctus.et@icloud.org;Ap #144-5377 Parturient Rd.;NGF38THT2TG;16;900
Aphrodite;Davis;sit.amet.metus@outlook.couk;Ap #393-3060 Sem, Rd.;ILD27GIW7WW;8;901
Clarke;Burt;et.pede@google.edu;Ap #668-4231 Proin Rd.;GIL73AWM3SW;12;902
Zahir;Swanson;faucibus.leo.in@outlook.edu;3169 Cursus Ave;SWW95EJI5BY;14;903
Alec;Kidd;velit@aol.org;2092 Non Rd.;ENN65HRF8HY;7;904
Phillip;Gamble;volutpat@aol.edu;4825 Odio. Rd.;LVX74REO7FX;5;905
Amethyst;Mcdonald;ante.dictum@google.couk;965-4928 Nunc St.;JFU91LEJ6FG;13;906
Yardley;Hatfield;non.sollicitudin@hotmail.ca;Ap #123-2473 Amet Road;IPB51OBU3TU;12;907
Hadley;Simpson;ante.ipsum@yahoo.edu;P.O. Box 665, 2012 Nec Av.;TUT75FQE6TY;9;908
Paula;Randolph;ut@hotmail.org;7195 In Street;GIE73PGI3DF;12;909
Jeremy;Watson;mauris.ut@hotmail.org;Ap #943-8354 Eget Rd.;BVS78XJC1OO;18;910
Shafira;Clarke;et@outlook.net;674-476 Faucibus Street;EJS25WQT7US;11;911
Troy;Nixon;dignissim@aol.com;5307 Quam Street;TUL52RBD7BF;2;912
Carter;Wooten;dictum.cursus@protonmail.edu;7837 Non Av.;FRB20SNW1CK;2;913
Matthew;Ratliff;molestie@icloud.org;808-3052 Aliquam Street;WYR44QZK1EZ;12;914
Malcolm;Matthews;praesent.interdum@yahoo.ca;4145 Praesent Avenue;EVR57OSH6NB;16;915
Alma;Justice;egestas.a@outlook.com;872-9982 Amet Road;WDX96JTI9ZI;19;916
Colette;Vasquez;mauris@google.net;P.O. Box 131, 3194 Lacus. Rd.;XGO42NWM5IN;5;917
Wilma;Finley;integer@yahoo.edu;682-6731 Non, St.;VWP30WTB6CS;10;918
Rhoda;Reed;aenean@google.ca;706-3071 Sed Rd.;FQU87RRL7GM;12;919
Conan;Hodge;eros.nec@icloud.ca;717-4909 Nec Av.;KUP94UDW5JP;18;920
Garrett;Kidd;non.lobortis.quis@protonmail.ca;8092 Eget, Av.;XPV21MUX1EZ;18;921
Maya;Chandler;sed.nunc.est@icloud.edu;Ap #155-4631 Consectetuer, Ave;YJM83MDZ6FZ;16;922
Grace;Marquez;varius@protonmail.edu;2190 Mauris Road;VEL87NFB5LU;11;923
Suki;Beard;vivamus.molestie.dapibus@outlook.couk;Ap #873-7280 Non, Ave;GEF83QUF1ZP;8;924
Diana;Duran;luctus@hotmail.ca;846-5464 Tristique Ave;MIQ97ZLS4EI;7;925
Ralph;Vasquez;ipsum.phasellus@aol.net;712-6875 Vivamus Rd.;LGJ45UIG7VK;5;926
Orson;Baldwin;aliquet.proin.velit@hotmail.ca;828-7155 Auctor Ave;YDV48REH0UF;3;927
Audra;Alford;elit.dictum@outlook.org;Ap #972-8148 Nonummy. Ave;OPP83BQG3PQ;6;928
Mariam;Pittman;pellentesque.a@yahoo.ca;1778 Luctus Avenue;YQM84UPP3ZP;4;929
Roth;Burke;vulputate@google.ca;4782 Augue Ave;WQK85IRQ2RB;17;930
Charity;Knight;a@yahoo.org;Ap #727-2775 Arcu Rd.;HGR23UNM0SQ;1;931
Germane;Espinoza;tincidunt@yahoo.couk;3481 Tellus, Road;GFQ04EWS3EO;16;932
Dominique;Lancaster;interdum@outlook.net;5274 Et Ave;EUG46WNI7WB;1;933
Nora;Lynn;mauris.molestie@icloud.com;P.O. Box 267, 2871 Ornare, St.;OKN55SCK5SU;16;934
Kiayada;Houston;sit.amet@hotmail.net;451-7376 A Rd.;LUX59RDH3FD;12;935
Kyra;Jenkins;nec.ligula@outlook.org;P.O. Box 274, 878 Natoque Avenue;JRD17UOH6NB;14;936
Elaine;Lopez;vitae@outlook.com;Ap #101-476 Lectus Rd.;NCX37IMU6VX;12;937
Lee;Cline;natoque.penatibus@yahoo.org;Ap #415-2859 Suspendisse St.;NTX64PQK3GC;10;938
Garth;Mccarthy;risus.at.fringilla@protonmail.edu;7713 Phasellus Rd.;SPQ21XSJ6EP;5;939
Timothy;Macdonald;ut.mi.duis@yahoo.org;900-2822 Adipiscing Road;FBF69WBN2UW;4;940
Tiger;Lucas;libero@icloud.org;Ap #364-7656 Libero Avenue;RMK56FCJ2NR;16;941
Rhiannon;Tran;convallis@google.couk;705-7546 Augue Avenue;JSE64BLY7ER;4;942
Elliott;Kline;erat.nonummy.ultricies@yahoo.edu;782-2449 Tincidunt Avenue;FTB45JQN1UX;16;943
Ralph;Delgado;donec.fringilla@outlook.ca;P.O. Box 518, 3104 Ac Street;UTE30FKV4BU;3;944
Maisie;Wilkins;tincidunt@icloud.com;Ap #586-956 Et Rd.;CQZ90MIH4QC;2;945
Ira;Gill;montes.nascetur.ridiculus@aol.couk;2347 Nam Road;QQI69VFX0YF;19;946
Kelsey;Mercer;nulla.magna.malesuada@protonmail.edu;Ap #836-4547 Eu, Av.;PQP67IXG5DQ;7;947
Jin;Ashley;malesuada.fringilla@hotmail.com;379-8535 Congue Road;MQO78NFP2EK;9;948
Josiah;Bush;mi.tempor.lorem@aol.net;1181 Curabitur Ave;WYG85YDJ2BL;17;949
Drew;Rush;aliquam.nec@aol.org;939-4878 Magna. St.;LKS35UHF2UQ;17;950
Dominique;Goodwin;ac.mattis@aol.couk;Ap #484-5438 Lobortis Avenue;DZV53RPH8ZE;2;951
Alana;Guerrero;molestie.sed@hotmail.com;Ap #947-1436 A Av.;HJB22FGP7HH;10;952
Adrienne;Leon;posuere.enim@hotmail.ca;6041 Sociosqu Av.;XMK63LIH4MB;18;953
Kenyon;Munoz;tempor.lorem@yahoo.org;331-4606 Vulputate Avenue;DDP88SCR3TL;16;954
Sonia;Carrillo;suspendisse.aliquet@aol.edu;Ap #949-5159 Primis Street;XYU13FUG8BO;7;955
Kato;Montgomery;mollis.nec.cursus@icloud.edu;P.O. Box 265, 6922 Sem. Road;QHF72EWZ4QS;14;956
Caldwell;Eaton;mus.proin.vel@protonmail.ca;5107 Mollis. Avenue;NML33QDT8UM;12;957
Jescie;Mckenzie;sapien.cursus.in@icloud.org;536-2984 Vel, Av.;AMA15JGI3CP;4;958
Kelsey;Dotson;sed.dolor.fusce@aol.org;P.O. Box 931, 4224 Nulla Rd.;KOZ81NZQ7IP;16;959
Wyoming;Underwood;nulla@icloud.com;P.O. Box 555, 2607 Eleifend St.;BIQ82JXY7ER;1;960
Hadassah;Miller;a@yahoo.ca;P.O. Box 387, 6450 Duis Road;WVQ79FHS6ZZ;2;961
Amir;Patton;imperdiet.non@aol.edu;9569 Sapien. St.;OSP59XIZ8XC;6;962
Lara;Mercado;vivamus.molestie.dapibus@hotmail.com;908-6827 Torquent Street;UIR19KXO0IM;8;963
Desirae;Randolph;sed.dolor@aol.edu;Ap #780-9146 Lectus Av.;PQY78VBH8DT;16;964
Orli;Reed;eget.venenatis@aol.net;7253 Amet Avenue;PFN06VJU3UT;8;965
Emily;Logan;suspendisse.tristique@google.edu;Ap #752-4704 At Avenue;YSR32THM4NY;16;966
Gabriel;Campbell;venenatis.a.magna@hotmail.org;Ap #794-6939 Consequat Road;WRC19GVK7OM;17;967
Ariel;O'donnell;velit.egestas@protonmail.edu;6005 Ut Ave;EDY30RFS1WB;12;968
Justina;Dawson;id@aol.edu;Ap #982-2294 Eget Ave;IGO55UWY5UW;14;969
Fleur;Watson;sagittis.semper.nam@aol.org;274-3082 Orci Road;VBL27NMS2EY;11;970
Nola;Roach;dolor@outlook.ca;Ap #348-4452 Non, Av.;OKZ47BCT2VG;2;971
Yeo;Calhoun;lorem.luctus.ut@outlook.couk;790-813 Praesent St.;SON45OHI3IN;11;972
Jacob;Reid;bibendum.donec@hotmail.org;327-6986 Consectetuer Street;SYY41FIZ9QP;5;973
Addison;Barry;ligula.consectetuer@yahoo.edu;P.O. Box 469, 6081 Vel Rd.;MVV53ARJ6VH;18;974
Tamekah;Diaz;urna.nullam@hotmail.org;Ap #602-7643 Aliquam Av.;RRR71WIG8ID;18;975
Donna;Baldwin;quis.pede@google.edu;495-8370 Eu Street;SQT84XFL3ZS;3;976
Rooney;Neal;donec.felis.orci@protonmail.ca;Ap #377-6873 Pellentesque Rd.;YRH38CDB7BC;13;977
Knox;Barnett;ultrices.posuere@hotmail.couk;597-5342 Egestas. Rd.;TKK86GKH0AL;2;978
Igor;Mcmillan;natoque@google.couk;1528 Nec, Road;VED18UNL2TX;16;979
Sylvester;Hyde;in.lobortis@yahoo.ca;Ap #792-8438 Metus Street;FQY88AWU7XG;17;980
Damon;Henderson;sapien.nunc.pulvinar@outlook.com;768-4661 Nonummy St.;UNB83CSF5UW;6;981
Kylie;Sykes;odio.a@outlook.ca;Ap #230-8456 Dapibus Ave;EPV20VEN1ZD;3;982
Ronan;Weeks;conubia.nostra@aol.couk;Ap #976-6897 Egestas Ave;SOK63DCY6NJ;2;983
Melinda;Morin;sit.amet@outlook.edu;Ap #601-2709 Amet Av.;DON65JMF2EI;16;984
Daquan;Sosa;facilisis.magna@yahoo.couk;Ap #437-3536 Montes, Av.;LLD32DOZ6VJ;19;985
Iona;Emerson;velit.pellentesque@protonmail.edu;Ap #802-1366 Facilisis, Rd.;MNW37NPR7TS;5;986
Sacha;Chase;dictum.placerat@aol.ca;Ap #594-1079 Mattis. Avenue;YVD36XOC5ER;19;987
Chaim;Hansen;dis.parturient@icloud.org;Ap #780-3315 Pede, Ave;URW87MND7DP;18;988
Jade;Rollins;neque@outlook.ca;599-2081 Risus. Rd.;LWN93TVF6CQ;4;989
Oprah;Mcintosh;malesuada@google.ca;353-7160 Leo. Av.;IQQ97GVT9QC;16;990
Brielle;O'donnell;tempor.est.ac@icloud.ca;722-5463 Ipsum Road;XRW67EEV6CP;3;991
Samuel;Daniels;tempus.eu@google.com;Ap #758-8940 Convallis, Rd.;JPB56YVM1QX;7;992
Flynn;Lynn;diam.proin.dolor@yahoo.net;Ap #848-1978 Hendrerit Ave;UOC45GDT4TZ;16;993
Zena;Haynes;sollicitudin.a.malesuada@hotmail.net;137-8030 Aliquet St.;PXK64RXG3YX;7;994
Ann;Palmer;elit@hotmail.com;Ap #726-9837 Sed Street;RRC53VMT2BP;17;995
Ryan;Rivers;metus.sit@aol.edu;Ap #510-5734 Euismod St.;NQE74VIU5NQ;6;996
Tiger;Terry;vehicula.aliquet@aol.com;8534 In St.;VTF93RBF6EW;10;997
Macy;Kidd;posuere.cubilia@google.ca;Ap #102-6014 Et, St.;BXG10AIX6GO;10;998
Kareem;Reed;amet.consectetuer@hotmail.net;1539 Gravida. Road;GAU21HNT7HT;1;999
Gemma;Freeman;metus.vivamus.euismod@hotmail.edu;Ap #861-7404 Sit Rd.;FUC35POP6YZ;13;1000